_id,name,searchkey,nnp,nhit,bnp,bhit,qnp,qhit,anp,ahit,exnp,exhit,nf,bf,qf,af,exf,star,sclass,camp,maxatk,maxn,nc,atklv90,atklv100,atklv1,nlv1,nlv2,nlv3,nlv4,inib,inia,iniq,inid,inin,inicri,inibcri,iniacri,iniqcri,inisa,ininp,tip,tipinfo
334,334-暗之高扬斯卡娅,334暗之高扬斯卡娅暗狐,0.67,5,0.67,3,0.67,4,0.67,3,0.67,5,06-13-20-26-35,16-33-51,10-20-30-40,16-33-51,06-13-20-26-35,0.148,Foreigner,兽,11220,500,Buster,11220,12282,1734,300,400,450,475,0,5,0,0,0,0,0,0,0,0,0,1,职介技能：NFF服务EX的对[猛兽]特攻效果 未录入数据库，请自行判断并输入buff栏
333,,,,,,,,,,,,,,,,,,,,,,,,,,,,,,,,,,,,,,,,,,,
332,332-多布雷尼娅·尼基季奇,332多布雷尼娅·尼基季奇,0.86,4,0.86,3,0.86,3,0.86,2,0.86,5,10-20-30-40,16-33-51,16-33-51,33-67,06-13-20-26-35,0.09,Rider,地,9795,500,Buster,10823,11860,1632,300,400,450,475,0,0,12,0,0,0,0,0,0,0,0,0,
331,331-太公望,331太公望钓鱼佬,0.6,6,0.6,3,0.6,4,0.6,3,0.6,5,04-09-14-19-23-31,16-33-51,10-20-30-40,16-33-51,06-13-20-26-35,0.091,Rider,地,11651,1000,Quick,11651,12754,1800,600,800,900,950,0,0,11,0,0,0,0,0,0,0,0,0,
330,330-玛尔达(圣诞),330圣诞玛尔达(圣诞),0.66,0,0.66,3,0.66,4,0.66,3,0.66,4,0,16-33-51,10-20-30-40,16-33-51,10-20-30-40,0.108,Caster,人,8197,0,Quick,9057,9925,1366,0,0,0,0,0,8,12,0,0,0,0,0,0,0,0,0,
329,329-坂本龙马,329坂本龙马阿龙小姐,0.47,3,0.47,4,0.47,5,0.47,4,0.47,5,16-33-51,10-20-30-40,06-13-20-26-35,10-20-30-40,06-13-20-26-35,0.12,Lancer,人,10753,750,Arts,10753,11771,1661,450,600,675,712.5,0,0,12,0,0,10,0,0,0,0,0,0,
328,328-谜之兰丸X,328谜之兰丸X,0.45,4,0.45,2,0.45,4,0.45,2,0.45,5,10-20-30-40,33-67,10-20-30-40,33-67,06-13-20-26-35,0.06,Avenger,星,9872,750,Arts,10908,11953,1645,450,600,675,712.5,0,3,0,0,0,2,0,0,0,0,0,0,
327,327-出云阿国,327出云阿国,0.8,10,0.8,3,0.8,4,0.8,3,0.8,5,01-03-05-07-09-10-12-14-16-23,16-33-51,10-20-30-40,16-33-51,06-13-20-26-35,0.109,Caster,人,11374,2000,Quick,11374,12451,1757,1200,1600,1800,1900,0,4,0,0,0,12,0,0,0,0,0,0,
326,326-伊丽莎白·巴托里(灰姑娘),326伊丽莎白·巴托里(灰姑娘)骑龙娘,0.87,4,0.87,3,0.87,4,0.87,2,0.87,4,10-20-30-40,16-33-51,10-20-30-40,33-67,10-20-30-40,0.091,Rider,人,9166,1000,Buster,10128,11098,1527,600,800,900,950,0,0,12,0,0,0,0,0,0,0,0,0,
325,325-芝诺比阿,325芝诺比阿,0.47,4,0.47,4,0.47,3,0.47,4,0.47,5,10-20-30-40,10-20-30-40,16-33-51,10-20-30-40,06-13-20-26-35,0.081,Archer,人,9831,750,Arts,10863,11903,1638,450,600,675,712.5,0,0,8,0,0,8,0,0,0,0,0,0,
324,324-雅克·德·莫莱,324雅克·德·莫莱,0.78,5,0.78,4,0.78,5,0.78,3,0.78,5,06-13-20-26-35,10-20-30-40,06-13-20-26-35,16-33-51,06-13-20-26-35,0.147,Foreigner,地,10868,1000,Quick,10868,11897,1679,600,800,900,950,0,10,0,175,0,0,0,0,0,0,0,0,
323,323-清少纳言,323泳装清少纳言vtuberns娘Switch娘VTB,0.77,7,0.77,3,0.77,4,0.77,3,0.77,4,03-07-10-14-17-21-28,16-33-51,10-20-30-40,16-33-51,10-20-30-40,0.05,Berserker,人,9942,2000,Quick,10985,12038,1657,1200,1600,1800,1900,4,0,4,0,0,0,0,0,0,0,0,0,
322,322-凯妮斯,322凯妮斯,0.66,3,0.66,3,0.66,3,0.66,3,0.66,4,16-33-51,16-33-51,16-33-51,16-33-51,10-20-30-40,0.091,Rider,地,9506,1000,Buster,10504,11510,1584,600,800,900,950,0,8,12,225,0,0,0,0,0,0,0,0,
321,321-迦摩,321泳装黑樱泳装迦摩,0.52,4,0.52,3,0.52,4,0.52,3,0.52,5,10-20-30-40,16-33-51,10-20-30-40,16-33-51,06-13-20-26-35,0.061,Avenger,天,13213,750,Arts,13213,14464,2042,450,600,675,712.5,0,0,10,225,0,10,0,0,0,0,0,0,
320,320-莱昂纳多·达·芬奇,320泳装达芬奇泳装小达芬奇莱昂纳多·达·芬奇,0.67,3,0.67,3,0.67,3,0.67,3,0.67,3,16-33-51,16-33-51,16-33-51,16-33-51,16-33-51,0.1,Ruler,人,9157,1000,Buster,10118,11087,1526,600,800,900,950,0,0,12,0,0,0,0,0,0,0,0,0,
319,319-夏绿蒂·科黛,319泳装夏绿蒂·科黛,0.53,5,0.53,3,0.53,3,0.53,3,0.53,4,06-13-20-26-35,16-33-51,16-33-51,16-33-51,10-20-30-40,0.207,Caster,人,8417,1500,Arts,9300,10191,1402,900,1200,1350,1425,0,5,0,0,0,0,0,10,0,0,0,0,
318,318-阿纳斯塔西娅,318泳装皇女阿纳斯塔西娅,0.57,3,0.57,2,0.57,3,0.57,3,0.57,5,16-33-51,33-67,16-33-51,16-33-51,06-13-20-26-35,0.18,Archer,人,9542,1500,Arts,10543,11553,1590,900,1200,1350,1425,0,0,0,0,0,10,0,0,0,0,0,0,
317,317-冲田总司(Alter),317水魔总泳装魔总泳装魔神总司冲田总司(Alter),0.67,8,0.67,3,0.67,5,0.67,4,0.67,5,02-05-08-11-13-16-19-26,16-33-51,06-13-20-26-35,10-20-30-40,06-13-20-26-35,0.1,Saber,人,12465,1000,Quick,12465,13645,1926,600,800,900,950,0,0,0,0,0,10,0,0,0,0,0,0,
316,316-奥伯龙,316奥伯龙蝴蝶精,0.59,4,0.59,3,0.59,4,0.59,4,0.59,6,10-20-30-40,16-33-51,10-20-30-40,10-20-30-40,04-09-14-19-23-31,0.205,Pretender,地,11810,500,Buster,11810,12928,1825,300,400,450,475,0,1.5,10,0,0,0,0,0,0,0,0,0,
315,315-哈贝特洛特,315哈贝特洛特哈贝喵,0.57,3,0.57,2,0.57,4,0.57,3,0.57,4,16-33-51,33-67,10-20-30-40,16-33-51,10-20-30-40,0.09,Rider,地,8642,750,Arts,9549,10464,1440,450,600,675,712.5,0,0,6,0,0,0,0,0,0,0,0,0,
314,314-光之高扬斯卡娅,314光之高扬斯卡娅杀狐,0.76,8,0.76,3,0.76,4,0.76,4,0.76,5,02-05-08-11-13-16-19-26,16-33-51,10-20-30-40,10-20-30-40,06-13-20-26-35,0.355,Assassin,兽,11616,500,Buster,11616,12715,1795,300,400,450,475,0,10,8,0,20,18,0,0,0,0,0,0,
313,313-帕西瓦尔,313帕西瓦尔,0.64,4,0.64,3,0.64,3,0.64,2,0.64,5,10-20-30-40,16-33-51,16-33-51,33-67,06-13-20-26-35,0.012,Lancer,地,9168,750,Arts,10130,11100,1528,450,600,675,712.5,0,0,7,0,0,0,0,0,0,0,0,0,
312,312-妖精骑士兰斯洛特,312妖精骑士兰斯洛特萝兰妖兰,0.65,5,0.65,3,0.65,4,0.65,3,0.65,5,06-13-20-26-35,16-33-51,10-20-30-40,16-33-51,06-13-20-26-35,0.012,Lancer,地,12154,,,12154,13304,1878,0,0,0,0,0,9,0,0,0,0,0,0,0,0,0,1,从者宝具颜色及宝具倍率未录入数据库，请自行判断并输入
311,311-妖精骑士崔斯坦,311妖精骑士崔斯坦妖崔,0.58,6,0.58,3,0.58,4,0.58,3,0.58,5,04-09-14-19-23-31,16-33-51,10-20-30-40,16-33-51,06-13-20-26-35,0.081,Archer,地,9455,2000,Quick,10447,11448,1575,1200,1600,1800,1900,0,10,10,0,0,0,0,0,0,0,0,0,
310,310-妖精骑士高文,310妖精骑士高文妖高妖文,0.74,5,0.74,2,0.74,5,0.74,3,0.74,5,06-13-20-26-35,33-67,06-13-20-26-35,16-33-51,06-13-20-26-35,0.102,Saber,地,8721,500,Buster,9636,10559,1453,300,400,450,475,11,0,0,0,0,0,0,0,0,0,0,0,
309,309-摩根,309摩根王姐,0.53,6,0.53,3,0.53,4,0.53,3,0.53,5,04-09-14-19-23-31,16-33-51,10-20-30-40,16-33-51,06-13-20-26-35,0.05,Berserker,地,12193,500,Buster,12193,13347,1884,300,400,450,475,8,8,0,0,0,0,0,0,0,0,0,0,
308,308-谜之偶像X(Alter),308BX谜之偶像X(Alter),0.9,4,0.9,4,0.9,4,0.9,3,0.9,5,10-20-30-40,10-20-30-40,10-20-30-40,16-33-51,06-13-20-26-35,0.15,Foreigner,星,9045,1000,Quick,9994,10952,1507,600,800,900,950,6,0,0,0,0,0,0,0,0,0,0,0,
307,307-鹤小姐,307鹤小姐,0.39,0,0.39,2,0.39,3,0.39,4,0.39,5,0,33-67,16-33-51,10-20-30-40,06-13-20-26-35,0.108,Caster,地,9749,0,Arts,9749,10672,1506,0,0,0,0,7,0,0,0,0,0,0,0,0,30,0,0,
306,306-伽拉忒亚,306手办皮格马利翁伽拉忒亚,0.6,9,0.6,3,0.6,5,0.6,3,0.6,5,02-04-06-08-11-13-15-17-24,16-33-51,06-13-20-26-35,16-33-51,06-13-20-26-35,0.048,Berserker,地,11414,1500,Arts,11414,12494,1764,900,1200,1350,1425,12,0,0,0,0,0,0,0,0,0,0,0,
305,305-阿莫尔(卡莲),305阿莫尔(卡莲)爱神卡莲,0.57,5,0.57,3,0.57,4,0.57,3,0.57,5,06-13-20-26-35,16-33-51,10-20-30-40,16-33-51,06-13-20-26-35,0.099,Ruler,天,11351,1000,Quick,11351,12425,1754,600,800,900,950,0,0,0,225,0,10,0,0,0,0,0,1,职介技能：受虐灵媒体质EX 未录入数据库，请自行判断并输入buff栏
304,304-鬼一法眼,304鬼一法眼,0.56,7,0.56,3,0.56,3,0.56,4,0.56,4,03-07-10-14-17-21-28,16-33-51,16-33-51,10-20-30-40,10-20-30-40,0.316,Assassin,地,9434,1000,Quick,10424,11423,1572,600,800,900,950,0,9,0,0,0,0,0,0,0,0,0,0,
303,303-平景清,303平景清仇牛若丸,0.81,10,0.81,2,0.81,4,0.81,2,0.81,5,01-03-05-07-09-10-12-14-16-23,33-67,10-20-30-40,33-67,06-13-20-26-35,0.061,Avenger,地,12705,2000,Quick,12705,13908,1963,1200,1600,1800,1900,0,0,0,0,0,6,0,0,0,0,0,0,
302,302-千子村正,302千子村正卫宫士郎土狼,0.59,3,0.59,3,0.59,2,0.59,3,0.59,5,16-33-51,16-33-51,33-67,16-33-51,06-13-20-26-35,0.098,Saber,人,11373,750,Arts,11373,12449,1757,450,600,675,712.5,0,10,0,0,0,5,0,0,0,0,0,1,职介技能：当代不吉B 未录入数据库，请自行判断并输入buff栏
301,301-迦尔纳,301圣诞迦尔纳圣诞小太阳,0.78,8,0.78,3,0.78,4,0.78,3,0.78,5,02-05-08-11-13-16-19-26,16-33-51,10-20-30-40,16-33-51,06-13-20-26-35,0.102,Saber,天,9180,2000,Quick,10143,11115,1530,1200,1600,1800,1900,0,0,0,200,0,12,0,0,0,0,0,0,
300,300-弗栗多,300弗栗多,0.55,3,0.55,2,0.55,4,0.55,3,0.55,5,16-33-51,33-67,10-20-30-40,16-33-51,06-13-20-26-35,0.122,Lancer,天,12332,750,Arts,12332,13499,1905,450,600,675,712.5,10,0,0,0,0,0,0,0,0,0,0,0,
299,299-伊吹童子,299伊吹童子,0.78,4,0.78,3,0.78,4,0.78,3,0.78,5,10-20-30-40,16-33-51,10-20-30-40,16-33-51,06-13-20-26-35,0.099,Saber,天,12709,500,Buster,12709,13912,1964,300,400,450,475,12,0,9,250,0,0,0,0,0,0,0,0,
298,298-渡边纲,298渡边纲,0.6,3,0.6,2,0.6,4,0.6,3,0.6,5,16-33-51,33-67,10-20-30-40,16-33-51,06-13-20-26-35,0.102,Saber,人,10123,1000,Buster,11185,12257,1687,600,800,900,950,0,0,8,0,0,0,0,0,0,0,0,0,
297,297-芦屋道满,297芦屋道满,0.7,5,0.7,3,0.7,4,0.7,3,0.7,5,06-13-20-26-35,16-33-51,10-20-30-40,16-33-51,06-13-20-26-35,0.097,Alterego,地,12252,1000,Quick,12252,13412,1893,600,800,900,950,0,8,0,225,0,0,0,0,0,0,0,0,
296,296-尼莫,296尼莫船长,0.59,3,0.59,3,0.59,3,0.59,4,0.59,4,16-33-51,16-33-51,16-33-51,10-20-30-40,10-20-30-40,0.089,Rider,天,11427,1500,Arts,11427,12509,1766,900,1200,1350,1425,0,0,11,200,0,0,0,10,0,0,0,0,
295,295-梵高,295梵高,0.76,0,0.76,4,0.76,4,0.76,3,0.76,5,0,10-20-30-40,10-20-30-40,16-33-51,06-13-20-26-35,0.149,Foreigner,地,11220,0,Arts,11220,12282,1734,0,0,0,0,6,0,0,185,0,0,0,0,0,0,0,0,
294,294-织田信胜,294织田信胜,0.75,0,0.75,2,0.75,3,0.75,3,0.75,4,0,33-67,16-33-51,16-33-51,10-20-30-40,0.079,Archer,人,5116,0,Buster,7242,7949,930,0,0,0,0,0,0,0,0,0,6,0,0,0,0,0,0,
293,293-斋藤一,293斋藤一,0.76,7,0.76,2,0.76,4,0.76,2,0.76,4,03-07-10-14-17-21-28,33-67,10-20-30-40,33-67,10-20-30-40,0.1,Saber,人,9425,1500,Arts,10414,11412,1570,900,1200,1350,1425,0,0,0,0,0,6,0,0,0,0,0,0,
292,292-卑弥呼,292卑弥呼,0.57,0,0.57,1,0.57,4,0.57,3,0.57,5,0,100,10-20-30-40,16-33-51,06-13-20-26-35,0.099,Ruler,地,10659,0,Buster,10659,11668,1647,0,0,0,0,0,10,0,0,0,0,0,0,0,0,0,0,
291,291-紫式部,291泳装紫式部,0.53,3,0.53,2,0.53,4,0.53,4,0.53,4,16-33-51,33-67,10-20-30-40,10-20-30-40,10-20-30-40,0.088,Rider,人,8730,1500,Arts,9646,10570,1455,900,1200,1350,1425,0,0,9,0,0,0,0,0,0,0,0,0,
290,290-巴御前,290泳装巴妈妈鲅鱼圈泳装巴御前,0.55,3,0.55,2,0.55,4,0.55,3,0.55,4,16-33-51,33-67,10-20-30-40,16-33-51,10-20-30-40,0.1,Saber,地,9544,750,Arts,10546,11556,1590,450,600,675,712.5,0,0,9,0,0,0,0,0,0,0,0,0,
289,289-阿比盖尔·威廉姆斯,289钥匙孔锁孔泳装阿比盖尔·威廉姆斯,0.86,3,0.86,3,0.86,3,0.86,3,0.86,5,16-33-51,16-33-51,16-33-51,16-33-51,06-13-20-26-35,0.15,Foreigner,地,11781,500,Buster,11781,12896,1820,300,400,450,475,9,0,0,185,0,0,0,0,0,0,0,0,
288,288-虞美人,288虞美人泳装虞姬芥雏子,1.1,5,1.1,3,1.1,3,1.1,2,1.1,4,06-13-20-26-35,16-33-51,16-33-51,33-67,10-20-30-40,0.122,Lancer,地,9896,2000,Quick,10935,11982,1649,1200,1600,1800,1900,0,0,0,0,0,0,0,0,0,0,0,0,
287,287-布伦希尔德,287布伦希尔德泳装布姐,0.85,5,0.85,4,0.85,3,0.85,3,0.85,5,06-13-20-26-35,10-20-30-40,16-33-51,16-33-51,06-13-20-26-35,0.051,Berserker,天,10197,500,Buster,11267,12346,1699,300,400,450,475,3.5,0,0,100,0,0,0,0,0,0,0,0,
286,286-伊莉雅丝菲尔·冯·爱因兹贝伦,286伊莉雅丝菲尔·冯·爱因兹贝伦泳装伊莉雅,0.63,5,0.63,3,0.63,4,0.63,3,0.63,4,06-13-20-26-35,16-33-51,10-20-30-40,16-33-51,10-20-30-40,0.08,Archer,人,10098,1000,Quick,11158,12226,1683,600,800,900,950,0,0,0,0,0,8,0,0,0,0,0,0,
285,285-杀生院祈荒,167杀生院祈荒ssy泳装杀生院,0.6,3,0.6,3,0.6,4,0.6,3,0.6,5,16-33-51,16-33-51,10-20-30-40,16-33-51,06-13-20-26-35,0.148,Moon Cancer,地,11128,750,Arts,11128,12181,1719,450,600,675,712.5,0,12,0,0,12,2,0,0,0,0,0,0,
284,284-阿尔托莉雅·Caster,284阿尔托莉雅·Caster术呆毛c呆毛caber,0.54,0,0.54,3,0.54,3,0.54,3,0.54,5,0,16-33-51,16-33-51,16-33-51,06-13-20-26-35,0.11,Caster,星,10546,0,Arts,10546,11544,1629,0,0,0,0,0,12,0,0,0,0,0,10,0,0,0,0,
283,283-宇津见绘里濑,283宇津见绘里濑绘里世,0.63,3,0.63,3,0.63,4,0.63,3,0.63,5,16-33-51,16-33-51,10-20-30-40,16-33-51,06-13-20-26-35,0.12,Lancer,人,9122,750,Arts,10079,11045,1520,450,600,675,712.5,0,0,7,100,0,8,0,0,0,0,0,0,
282,282-鬼女红叶,282鬼女红叶恐龙,0.85,10,0.85,3,0.85,3,0.85,3,0.85,5,01-03-05-07-09-10-12-14-16-23,16-33-51,16-33-51,16-33-51,06-13-20-26-35,0.049,Berserker,地,9177,1000,Buster,10140,11111,1529,600,800,900,950,10,0,0,0,0,0,0,0,0,0,0,0,
281,281-旅行者,281旅行者小王子宇宙探测器,0.56,5,0.56,3,0.56,3,0.56,3,0.56,5,06-13-20-26-35,16-33-51,16-33-51,16-33-51,06-13-20-26-35,0.151,Foreigner,星,10450,1000,Quick,10450,11439,1615,600,800,900,950,0,8,0,0,0,8,0,0,0,0,0,0,
280,280-罗穆路斯·奎里努斯,280罗穆路斯·奎里努斯罗马神祖,0.59,5,0.59,3,0.59,4,0.59,3,0.59,5,06-13-20-26-35,16-33-51,10-20-30-40,16-33-51,06-13-20-26-35,0.122,Lancer,天,12273,500,Buster,12273,13435,1896,300,400,450,475,9,0,0,235,0,9,0,0,0,0,0,0,
279,279-凯妮斯,279凯妮斯沸羊羊,0.86,3,0.86,3,0.86,3,0.86,3,0.86,5,16-33-51,16-33-51,16-33-51,16-33-51,06-13-20-26-35,0.122,Lancer,地,9896,500,Buster,10935,11982,1649,300,400,450,475,12,8,0,225,0,0,0,0,0,0,0,0,
278,278-狄俄斯库里,278狄俄斯库里双子,0.51,8,0.51,2,0.51,5,0.51,4,0.51,5,02-05-08-11-13-16-19-26,33-67,06-13-20-26-35,10-20-30-40,06-13-20-26-35,0.15,Saber,天,11840,1500,Arts,11840,12961,1829,900,1200,1350,1425,7.5,0,8,225,0,6,0,0,0,0,5,0,
277,277-奥德修斯,277奥德修斯大木马,0.58,3,0.58,3,0.58,4,0.58,4,0.58,5,16-33-51,16-33-51,10-20-30-40,10-20-30-40,06-13-20-26-35,0.089,Rider,地,11795,750,Arts,11795,12911,1822,450,600,675,712.5,0,10,9,0,0,0,0,0,0,0,0,0,
276,276-清少纳言,276清少纳言vtuberns娘Switch娘VTB,0.57,4,0.57,2,0.57,4,0.57,3,0.57,5,10-20-30-40,33-67,10-20-30-40,16-33-51,06-13-20-26-35,0.08,Archer,人,12218,1000,Quick,12218,13374,1888,600,800,900,950,0,0,0,0,0,0,0,0,10,0,0,0,
275,275-杨贵妃,275杨玉环玉玉杨贵妃,0.51,4,0.51,3,0.51,4,0.51,4,0.51,4,10-20-30-40,16-33-51,10-20-30-40,10-20-30-40,10-20-30-40,0.15,Foreigner,人,12342,1500,Arts,12342,13510,1907,900,1200,1350,1425,0,0,0,175,0,0,0,0,0,0,0,0,
274,274-欧罗巴,274奶奶高达欧罗巴,0.58,4,0.58,1,0.58,3,0.58,3,0.58,5,10-20-30-40,100,16-33-51,16-33-51,06-13-20-26-35,0.089,Rider,天,11737,500,Buster,11737,12848,1813,300,400,450,475,0,0,11,150,0,0,0,0,0,0,0,0,
273,273-曼迪卡尔多,273曼迪卡尔多,0.86,4,0.86,1,0.86,3,0.86,2,0.86,4,10-20-30-40,100,16-33-51,33-67,10-20-30-40,0.09,Rider,人,6756,1500,Arts,8346,9143,1254,900,1200,1350,1425,0,0,8,0,0,0,0,0,0,0,0,0,
272,272-超人俄里翁,272超人熊超人俄里翁,0.96,0,0.96,1,0.96,3,0.96,3,0.96,5,0,100,16-33-51,16-33-51,06-13-20-26-35,0.08,Archer,地,12557,0,Arts,12557,13746,1940,0,0,0,0,0,0,0,175,0,12,0,0,0,0,0,0,
271,271-南丁格尔,271圣诞南丁弓南丁格尔,0.6,6,0.6,3,0.6,4,0.6,3,0.6,5,04-09-14-19-23-31,16-33-51,10-20-30-40,16-33-51,06-13-20-26-35,0.08,Archer,人,9858,1000,Quick,10893,11936,1643,600,800,900,950,12,0,0,0,0,11,0,0,0,0,0,0,
270,270-阿斯托尔福,270伪娘剑阿福阿斯托尔福,0.52,9,0.52,4,0.52,3,0.52,3,0.52,7,02-04-06-08-11-13-15-17-24,10-20-30-40,16-33-51,16-33-51,03-07-10-14-17-21-28,0.101,Saber,地,11694,2000,Quick,11694,12801,1807,1200,1600,1800,1900,0,0,10,0,0,0,0,0,0,0,0,0,
269,269-灾星简,269灾星简,0.71,5,0.71,2,0.71,3,0.71,3,0.71,4,06-13-20-26-35,33-67,16-33-51,16-33-51,10-20-30-40,0.18,Archer,人,8996,2000,Quick,9940,10892,1499,1200,1600,1800,1900,0,0,10,0,0,11,0,0,0,0,0,0,
268,268-宇宙伊什塔尔,268仇凛宇宙凛宇宙伊什塔尔,0.69,3,0.69,3,0.69,4,0.69,2,0.69,5,16-33-51,16-33-51,10-20-30-40,33-67,06-13-20-26-35,0.06,Avenger,星,12612,,,12612,13806,1949,,,,,0,0,0,270,0,16,0,0,0,0,0,1,从者宝具颜色及宝具倍率未录入数据库，请自行判断并输入
267,267-冲田总司,267泳装总司水总司杀总司冲田总司,0.92,3,0.92,1,0.92,5,0.92,3,0.92,5,16-33-51,100,06-13-20-26-35,16-33-51,06-13-20-26-35,0.328,Assassin,人,9337,1000,Quick,10317,11305,1556,600,800,900,950,0,0,0,0,0,0,0,0,0,0,0,0,
266,266-谜之Alterego·Λ,266枪莉莉丝泳装莉莉丝meltryllis,0.76,3,0.76,3,0.76,4,0.76,2,0.76,5,16-33-51,16-33-51,10-20-30-40,33-67,06-13-20-26-35,0.121,Lancer,地,9261,750,Arts,10233,11213,1543,450,600,675,712.5,0,0,6,200,0,12,0,0,0,0,0,0,
265,265-阿尔托莉雅·潘德拉贡,265尺白枪呆尺呆泳装白枪呆泳装枪呆狮子王兔子王阿尔托莉雅·潘德拉贡,0.57,4,0.57,3,0.57,4,0.57,4,0.57,5,10-20-30-40,16-33-51,10-20-30-40,10-20-30-40,06-13-20-26-35,0.1,Ruler,天,9593,500,Buster,9593,10501,1482,300,400,450,475,0,8,0,0,0,0,0,0,0,0,0,0,
264,264-葛饰北斋,264剑北斋剑阿荣泳装北斋泳装阿荣葛饰北斋,0.46,8,0.46,4,0.46,4,0.46,4,0.46,5,02-05-08-11-13-16-19-26,10-20-30-40,10-20-30-40,10-20-30-40,06-13-20-26-35,0.1,Saber,人,9389,1500,Arts,10374,11368,1564,900,1200,1350,1425,0,0,0,100,0,0,0,0,0,0,0,0,
263,263-卡米拉,263骑大龙娘泳装大龙娘泳装卡米拉,0.52,4,0.52,3,0.52,4,0.52,4,0.52,4,10-20-30-40,16-33-51,10-20-30-40,10-20-30-40,10-20-30-40,0.171,Rider,地,9651,1000,Quick,10664,11685,1608,600,800,900,950,0,0,0,0,0,10,0,0,0,0,0,0,
262,262-刑部姬,262弓刑部姬泳装刑部姬,0.62,4,0.62,3,0.62,4,0.62,3,0.62,5,10-20-30-40,16-33-51,10-20-30-40,16-33-51,06-13-20-26-35,0.08,Archer,地,8895,500,Buster,9829,10770,1482,300,400,450,475,0,8,0,145,0,10,0,0,0,0,0,0,
261,261-宫本武藏,261水武藏泳装武藏狂武藏宫本武藏,0.51,4,0.51,4,0.51,4,0.51,3,0.51,5,10-20-30-40,10-20-30-40,10-20-30-40,16-33-51,06-13-20-26-35,0.05,Berserker,人,12712,750,Arts,12712,13915,1964,450,600,675,712.5,12,0,4,125,0,0,0,0,0,0,0,0,
260,260-莎乐美,260莎乐美,0.51,3,0.51,3,0.51,4,0.51,3,0.51,4,16-33-51,16-33-51,10-20-30-40,16-33-51,10-20-30-40,0.05,Berserker,地,6884,1500,Arts,9092,9975,1221,900,1200,1350,1425,5.5,0,0,0,0,0,0,0,0,0,0,0,
259,259-夏绿蒂·科黛,259夏绿蒂·科黛,0.52,1,0.52,1,0.52,3,0.52,3,0.52,5,100,100,16-33-51,16-33-51,06-13-20-26-35,0.307,Assassin,人,5488,1500,Arts,7769,8528,997,900,1200,1350,1425,0,0,0,0,0,0,0,0,0,0,0,0,
258,258-陈宫,258陈宫,0.4,4,0.4,1,0.4,3,0.4,4,0.4,4,10-20-30-40,100,16-33-51,10-20-30-40,10-20-30-40,0.11,Caster,人,6119,1500,Arts,8082,8867,1085,900,1200,1350,1425,0,6,0,0,0,0,0,0,0,0,0,0,
257,257-巴沙洛缪·罗伯茨,257巴沙洛缪·罗伯茨,0.65,6,0.65,2,0.65,3,0.65,2,0.65,4,04-09-14-19-23-31,33-67,16-33-51,33-67,10-20-30-40,0.089,Rider,人,5461,1000,Quick,7730,8485,993,600,800,900,950,0,0,4,0,0,0,0,0,0,0,0,0,
256,256-加雷斯,256加雷斯,0.71,8,0.71,1,0.71,4,0.71,3,0.71,5,02-05-08-11-13-16-19-26,100,10-20-30-40,16-33-51,06-13-20-26-35,0.121,Lancer,地,5413,1000,Buster,7149,7844,960,600,800,900,950,0,0,8,0,0,0,0,0,0,0,0,0,
255,255-帕里斯,255帕里斯,0.43,5,0.43,3,0.43,3,0.43,4,0.43,4,06-13-20-26-35,16-33-51,16-33-51,10-20-30-40,10-20-30-40,0.08,Archer,地,6523,2000,Quick,8615,9452,1157,1200,1600,1800,1900,0,0,0,0,0,12,0,0,0,0,0,0,
254,254-伊阿宋,254伊阿宋,0.37,5,0.37,1,0.37,3,0.37,4,0.37,4,06-13-20-26-35,100,16-33-51,10-20-30-40,10-20-30-40,0.1,Saber,地,5457,750,Arts,7725,8479,992,450,600,675,712.5,0,0,8,0,0,0,0,0,0,0,0,0,
253,253-莱昂纳多·达·芬奇(lily),253达芬奇lily小达芬奇小芬奇莱昂纳多·达·芬奇(lily),0.49,3,0.49,2,0.49,4,0.49,4,0.49,4,16-33-51,33-67,10-20-30-40,10-20-30-40,10-20-30-40,0.29,Rider,人,10883,750,Arts,10883,11913,1681,450,600,675,712.5,0,6,8,0,0,0,0,0,0,0,0,0,
252,252-长尾景虎,252上杉谦信长尾景虎,0.45,8,0.45,2,0.45,5,0.45,4,0.45,5,02-05-08-11-13-16-19-26,33-67,06-13-20-26-35,10-20-30-40,06-13-20-26-35,0.122,Lancer,人,9617,1500,Arts,10626,11644,1602,900,1200,1350,1425,0,0,6,150,0,0,0,0,0,0,0,0,
251,251-森长可,251森长可,0.5,5,0.5,2,0.5,3,0.5,3,0.5,5,06-13-20-26-35,33-67,16-33-51,16-33-51,06-13-20-26-35,0.049,Berserker,人,7732,1000,Buster,9551,10464,1436,600,800,900,950,4,0,0,0,0,0,0,0,0,0,0,0,
250,250-织田信长,250第六天魔王nobu魔王信长仇信长钉宫理惠织田信长,0.49,6,0.49,6,0.49,4,0.49,4,0.49,5,04-09-14-19-23-31,04-09-14-19-23-31,10-20-30-40,10-20-30-40,06-13-20-26-35,0.059,Avenger,地,12641,500,Buster,12641,13838,1953,300,400,450,475,0,0,0,0,0,2,0,0,0,0,0,0,
249,249-阿斯克勒庇厄斯,249医神蛇夫座阿斯克勒庇厄斯,0.81,0,0.81,2,0.81,4,0.81,2,0.81,4,0,33-67,10-20-30-40,33-67,10-20-30-40,0.11,Caster,地,6376,0,Arts,7876,8629,1184,0,0,0,0,0,10,0,200,0,0,0,0,0,0,0,0,
248,248-马嘶,248马嘶,0.58,5,0.58,5,0.58,4,0.58,4,0.58,4,06-13-20-26-35,06-13-20-26-35,10-20-30-40,10-20-30-40,10-20-30-40,0.081,Archer,天,10249,1000,Buster,11325,12409,1708,600,800,900,950,5,0,0,210,0,12,10,0,0,0,0,0,
247,247-阿周那(Alter),247狂娜娜芭娜娜banana巴那那狂那狂周那神周那狂阿周那(Alter),0.98,5,0.98,4,0.98,4,0.98,2,0.98,4,06-13-20-26-35,10-20-30-40,10-20-30-40,33-67,10-20-30-40,0.051,Berserker,天,11669,500,Buster,11669,12773,1803,300,400,450,475,12,0,0,250,0,0,0,0,0,0,0,0,
246,246-威廉·退尔,246威廉·退尔,0.66,3,0.66,3,0.66,3,0.66,3,0.66,5,16-33-51,16-33-51,16-33-51,16-33-51,06-13-20-26-35,0.08,Archer,人,7384,1500,Arts,9121,9993,1371,900,1200,1350,1425,0,0,0,0,0,10,0,0,0,0,0,0,
245,245-拉克西米·巴伊,245章西女王印度贞德拉克西米·巴伊,1.01,4,1.01,4,1.01,3,1.01,2,1.01,5,10-20-30-40,10-20-30-40,16-33-51,33-67,06-13-20-26-35,0.1,Saber,人,9949,1000,Quick,10993,12046,1658,600,800,900,950,0,0,8,200,0,0,0,0,0,0,0,0,
244,244-伟大的石像神,244大象神·吉娜可伟大的石像神,0.35,3,0.35,4,0.35,4,0.35,4,0.35,5,16-33-51,10-20-30-40,10-20-30-40,10-20-30-40,06-13-20-26-35,0.145,Moon Cancer,天,9166,750,Arts,9166,10034,1416,450,600,675,712.5,0,0,10,175,0,0,0,0,0,0,0,0,
243,243-格蕾,243小灰格蕾,0.71,4,0.71,2,0.71,3,0.71,3,0.71,5,10-20-30-40,33-67,16-33-51,16-33-51,06-13-20-26-35,0.25,Assassin,人,9456,500,Buster,10448,11449,1576,300,400,450,475,0,0,0,0,0,11,0,0,0,0,10,0,
242,242-阿斯特赖亚,242金钻头阿斯特赖亚,0.43,8,0.43,1,0.43,3,0.43,4,0.43,5,02-05-08-11-13-16-19-26,100,16-33-51,10-20-30-40,06-13-20-26-35,0.099,Ruler,天,9734,1800,Arts,10756,11786,1622,1200,1500,1650,1725,0,10,0,225,0,10,0,0,0,0,0,0,
241,241-司马懿(莱妮丝),241司马懿(莱妮丝),0.64,0,0.64,4,0.64,3,0.64,4,0.64,5,0,10-20-30-40,16-33-51,10-20-30-40,06-13-20-26-35,0.089,Rider,人,11427,0,Arts,11427,12509,1766,0,0,0,0,0,8,8,0,0,0,0,0,0,0,0,0,
240,,,,,,,,,,,,,,,,,,,,,,,,,,,,,,,,,,,,,,,,,,,
239,239-迦摩,239黑樱迦摩,0.74,10,0.74,4,0.74,4,0.74,3,0.74,5,01-03-05-07-09-10-12-14-16-23,10-20-30-40,10-20-30-40,16-33-51,06-13-20-26-35,0.25,Assassin,天,11528,2000,Quick,11528,12619,1781,1200,1600,1800,1900,0,0,10,225,0,6,0,0,0,0,0,0,
238,238-Kingprotea,238帝王花Kingprotea,0.56,5,0.56,1,0.56,3,0.56,3,0.56,6,06-13-20-26-35,100,16-33-51,16-33-51,04-09-14-19-23-31,0.102,Alterego,地,12835,500,Buster,12835,14050,1983,300,400,450,475,11,12,0,250,0,8,0,0,0,0,0,0,
237,237-紫式部,237紫式部,0.45,6,0.45,4,0.45,4,0.45,4,0.45,5,04-09-14-19-23-31,10-20-30-40,10-20-30-40,10-20-30-40,06-13-20-26-35,0.107,Caster,人,11374,750,Arts,11374,12451,1757,450,600,675,712.5,0,7,0,0,0,0,0,0,0,0,0,0,
236,236-美游·爱德费尔特,236美游·爱德费尔特,0.81,0,0.81,3,0.81,3,0.81,2,0.81,4,0,16-33-51,16-33-51,33-67,10-20-30-40,0.109,Caster,人,8629,0,Arts,9535,10448,1438,0,0,0,0,0,0,0,0,0,0,0,0,0,0,0,0,
235,235-李书文,235杀李大师杀李书文,0.99,1,0.99,1,0.99,4,0.99,2,0.99,5,100,100,10-20-30-40,33-67,06-13-20-26-35,0.333,Assassin,人,11470,1800,Arts,11470,12556,1772,1200,1500,1650,1725,0,8,0,0,0,0,0,0,0,0,0,0,
234,234-红阎魔,234小麻雀红阎魔,0.56,5,0.56,1,0.56,6,0.56,3,0.56,5,06-13-20-26-35,100,04-09-14-19-23-31,16-33-51,06-13-20-26-35,0.203,Saber,地,11607,1500,Arts,11607,12706,1793,900,1200,1350,1425,0,10,0,0,0,10,0,0,0,0,0,0,
233,233-魁札尔·科亚特尔(桑巴/santa),233尺羽蛇神魁札尔·科亚特尔(桑巴/santa),0.71,4,0.71,4,0.71,4,0.71,3,0.71,5,10-20-30-40,10-20-30-40,10-20-30-40,16-33-51,06-13-20-26-35,0.1,Ruler,天,9687,500,Buster,10704,11729,1614,300,400,450,475,0,0,0,250,0,0,0,0,0,0,0,0,
232,232-布拉达曼特,232布妹屁股枪尻枪布拉达曼特,0.7,5,0.7,4,0.7,4,0.7,2,0.7,5,06-13-20-26-35,10-20-30-40,10-20-30-40,33-67,06-13-20-26-35,0.121,Lancer,地,10833,1000,Quick,10833,11858,1674,600,800,900,950,0,0,0,0,0,0,0,0,0,0,0,0,
231,231-赤兔马,231赤兔马,0.57,4,0.57,1,0.57,4,0.57,3,0.57,5,10-20-30-40,100,10-20-30-40,16-33-51,06-13-20-26-35,0.09,Rider,地,6434,1000,Quick,7948,8708,1194,600,800,900,950,0,0,12,0,0,0,0,0,0,0,0,0,
230,230-虞美人,230小芥雏子虞姬虞美人,0.75,5,0.75,3,0.75,4,0.75,4,0.75,4,06-13-20-26-35,16-33-51,10-20-30-40,10-20-30-40,10-20-30-40,0.327,Assassin,地,7970,500,Buster,8806,9650,1328,300,400,450,475,0,0,0,0,0,0,0,0,0,0,0,0,
229,229-始皇帝,229政哥哥秦王秦始皇帝,0.47,0,0.47,3,0.47,5,0.47,4,0.47,4,0,16-33-51,06-13-20-26-35,10-20-30-40,10-20-30-40,0.1,Ruler,人,9977,0,Arts,9977,10921,1541,0,0,0,0,0,0,0,0,0,0,0,0,0,0,0,0,
228,228-秦良玉,228秦良玉,0.79,0,0.79,3,0.79,4,0.79,2,0.79,4,0,16-33-51,10-20-30-40,33-67,10-20-30-40,0.121,Lancer,人,8295,0,Arts,9166,10043,1382,0,0,0,0,0,0,0,0,0,0,0,0,0,0,0,0,
227,227-兰陵王,227兰陵王,0.65,0,0.65,2,0.65,3,0.65,3,0.65,5,0,33-67,16-33-51,16-33-51,06-13-20-26-35,0.102,Saber,人,9112,0,Arts,10068,11033,1518,0,0,0,0,0,0,10,0,0,0,0,0,0,0,0,0,
226,226-项羽,226项羽人马,0.51,5,0.51,3,0.51,6,0.51,4,0.51,5,06-13-20-26-35,16-33-51,04-09-14-19-23-31,10-20-30-40,06-13-20-26-35,0.051,Berserker,人,11613,1000,Quick,11613,12712,1794,600,800,900,950,8,0,0,0,0,8,0,0,0,0,0,0,
225,225-酒吞童子,225术酒吞童子,0.46,13,0.46,2,0.46,4,0.46,4,0.46,5,01-02-03-04-05-06-07-08-09-10-12-13-20,33-67,10-20-30-40,10-20-30-40,06-13-20-26-35,0.11,Caster,地,9538,1000,Buster,10539,11549,1589,600,800,900,950,0,8,0,150,0,0,0,0,0,0,0,0,
224,224-志度内,224熊伊莉熊莉雅志度内,0.83,6,0.83,3,0.83,4,0.83,2,0.83,5,04-09-14-19-23-31,16-33-51,10-20-30-40,33-67,06-13-20-26-35,0.102,Alterego,天,11668,1500,Arts,11668,12772,1803,900,1200,1350,1425,0,10,0,225,0,0,0,0,0,0,0,0,
223,223-迪尔姆德·奥迪那,223剑刷哥迪尔姆德·奥迪那,0.73,10,0.73,4,0.73,4,0.73,3,0.73,4,01-03-05-07-09-10-12-14-16-23,10-20-30-40,10-20-30-40,16-33-51,10-20-30-40,0.102,Saber,地,10048,2000,Quick,11103,12166,1674,1200,1600,1800,1900,0,0,8,0,0,0,0,0,0,0,0,0,
222,222-谜之女主角XX,222XX毛谜之女主角XX,0.64,4,0.64,4,0.64,4,0.64,3,0.64,4,10-20-30-40,10-20-30-40,10-20-30-40,16-33-51,10-20-30-40,0.23,Foreigner,星,9751,1800,Arts,10774,11806,1625,1200,1500,1650,1725,0,0,10,0,0,10,0,0,0,0,0,0,
221,221-女王梅芙,221水梅芙泳装梅芙剑梅芙女王梅芙,0.72,6,0.72,2,0.72,4,0.72,2,0.72,5,04-09-14-19-23-31,33-67,10-20-30-40,33-67,06-13-20-26-35,0.1,Saber,地,8017,1500,Arts,8858,9707,1336,900,1200,1350,1425,0,0,10,0,0,0,0,0,0,0,0,0,
220,220-BB,220水BB泳装BB,0.61,3,0.61,5,0.61,4,0.61,3,0.61,4,16-33-51,06-13-20-26-35,10-20-30-40,16-33-51,10-20-30-40,0.148,Moon Cancer,地,11182,500,Buster,11182,12240,1728,300,400,450,475,0,10,0,250,0,0,0,0,0,0,0,0,
219,219-贞德(Alter),219狂贞德水黑贞泳装黑贞德(Alter),0.52,5,0.52,3,0.52,4,0.52,4,0.52,5,06-13-20-26-35,16-33-51,10-20-30-40,10-20-30-40,06-13-20-26-35,0.05,Berserker,人,10298,1000,Buster,11379,12469,1716,600,800,900,950,12,0,0,0,0,0,0,0,0,0,0,0,
218,218-牛若丸,218水牛若丸泳装牛肉丸泳装牛若丸,0.54,5,0.54,3,0.54,4,0.54,4,0.54,6,06-13-20-26-35,16-33-51,10-20-30-40,10-20-30-40,04-09-14-19-23-31,0.308,Assassin,人,9456,1000,Quick,10448,11449,1576,600,800,900,950,0,0,11,0,0,11,0,0,0,0,0,0,
217,217-茨木童子,217枪茨木泳装茨木水茨木童子,1.06,3,1.06,4,1.06,4,1.06,2,1.06,5,16-33-51,10-20-30-40,10-20-30-40,33-67,06-13-20-26-35,0.117,Lancer,地,9133,1000,Buster,10091,11058,1522,600,800,900,950,4,0,0,0,0,0,0,0,0,0,0,0,
216,216-贞德,216弓贞德水贞德泳装贞德,0.68,4,0.68,2,0.68,4,0.68,2,0.68,5,10-20-30-40,33-67,10-20-30-40,33-67,06-13-20-26-35,0.08,Archer,人,10525,750,Arts,10525,11521,1626,450,600,675,712.5,0,0,0,0,0,10,0,0,0,0,0,0,
215,215-斯卡哈·斯卡蒂,215cbaC师匠斯卡哈·斯卡蒂,0.67,0,0.67,4,0.67,4,0.67,3,0.67,5,0,10-20-30-40,10-20-30-40,16-33-51,06-13-20-26-35,0.108,Caster,天,10753,0,Arts,10753,11771,1661,0,0,0,0,0,12,0,250,0,0,0,0,0,0,0,0,
214,214-瓦尔基里,214女武神瓦尔基里,0.86,7,0.86,3,0.86,3,0.86,2,0.86,4,03-07-10-14-17-21-28,16-33-51,16-33-51,33-67,10-20-30-40,0.12,Lancer,天,8037,1000,Quick,8880,9731,1339,600,800,900,950,0,0,0,200,0,0,0,0,0,0,0,0,
213,213-齐格鲁德,213西哥齐格鲁德,0.62,7,0.62,2,0.62,4,0.62,3,0.62,5,03-07-10-14-17-21-28,33-67,10-20-30-40,16-33-51,06-13-20-26-35,0.1,Saber,地,12465,1200,Buster,12465,13645,1926,800,1000,1100,1150,0,0,10,175,0,0,0,0,0,0,0,0,
212,212-拿破仑,212拿皇拿破仑,0.59,5,0.59,1,0.59,3,0.59,3,0.59,5,06-13-20-26-35,100,16-33-51,16-33-51,06-13-20-26-35,0.08,Archer,星,12033,500,Buster,12033,13172,1859,400,500,550,575,0,0,0,0,0,6,0,0,0,0,0,0,
211,211-坂本龙马,211坂本龙马,0.56,4,0.56,4,0.56,4,0.56,3,0.56,6,10-20-30-40,10-20-30-40,10-20-30-40,16-33-51,04-09-14-19-23-31,0.09,Rider,人,8555,1500,Arts,9453,10358,1425,900,1200,1350,1425,0,0,11,170,0,0,0,0,0,0,0,0,
210,210-冈田以藏,210冈田以藏,0.79,4,0.79,1,0.79,4,0.79,2,0.79,5,10-20-30-40,100,10-20-30-40,33-67,06-13-20-26-35,0.33,Assassin,人,6879,1500,Arts,8497,9310,1277,900,1200,1350,1425,0,0,0,0,0,0,0,0,0,0,0,0,
209,209-冲田总司(Alter),209魔神总司冲田总司(Alter),0.77,7,0.77,3,0.77,5,0.77,3,0.77,5,03-07-10-14-17-21-28,16-33-51,06-13-20-26-35,16-33-51,06-13-20-26-35,0.102,Alterego,人,12465,500,Buster,12465,13645,1926,300,400,450,475,0,0,0,0,0,10,0,0,0,0,0,0,
208,208-齐格,208齐格,0.78,3,0.78,3,0.78,3,0.78,2,0.78,4,16-33-51,16-33-51,16-33-51,33-67,10-20-30-40,0.108,Caster,人,8394,750,Arts,9275,10163,1399,450,600,675,712.5,0,6.5,0,0,0,12,0,0,0,0,0,0,
207,207-喀戎,207马老师喀戎,0.68,4,0.68,4,0.68,3,0.68,3,0.68,5,10-20-30-40,10-20-30-40,16-33-51,16-33-51,06-13-20-26-35,0.081,Archer,天,9294,1800,Arts,10269,11253,1549,1200,1500,1650,1725,0,0,0,150,0,10,0,0,0,0,0,0,
206,206-阿喀琉斯,206脚后跟阿喀琉斯,0.57,5,0.57,2,0.57,4,0.57,3,0.57,4,06-13-20-26-35,33-67,10-20-30-40,16-33-51,10-20-30-40,0.091,Rider,地,11883,1000,Quick,11883,13008,1836,600,800,900,950,0,0,11,150,0,0,0,0,0,0,0,0,
205,205-伊凡雷帝,205伊凡雷帝,0.62,5,0.62,2,0.62,4,0.62,3,0.62,4,06-13-20-26-35,33-67,10-20-30-40,16-33-51,10-20-30-40,0.089,Rider,人,11619,600,Buster,11619,12719,1795,400,500,550,575,0,0,12,0,0,0,0,0,0,0,0,0,
204,204-安东尼奥·萨列里,204黑莫扎特安东尼奥·萨列里,0.7,3,0.7,3,0.7,3,0.7,2,0.7,5,16-33-51,16-33-51,16-33-51,33-67,06-13-20-26-35,0.061,Avenger,地,8125,750,Arts,10037,10996,1509,450,600,675,712.5,0,0,0,0,0,8,0,0,0,0,0,0,
203,203-阿维斯布隆,203阿伟老师阿维斯布隆,0.61,3,0.61,4,0.61,4,0.61,2,0.61,5,16-33-51,10-20-30-40,10-20-30-40,33-67,06-13-20-26-35,0.107,Caster,人,6376,600,Buster,7876,8629,1184,400,500,550,575,0,8,0,0,0,0,0,0,0,0,0,0,
202,202-阿塔兰忒(Alter),202狂阿塔狂塔猪皮塔喵阿塔兰忒(Alter),1.05,5,1.05,3,1.05,3,1.05,2,1.05,5,06-13-20-26-35,16-33-51,16-33-51,33-67,06-13-20-26-35,0.131,Berserker,地,9806,2000,Quick,10835,11873,1634,1200,1600,1800,1900,8,0,0,0,0,10,0,0,0,0,0,0,
201,201-阿纳斯塔西娅,201皇女阿纳斯塔西娅,0.51,4,0.51,3,0.51,4,0.51,3,0.51,5,10-20-30-40,16-33-51,10-20-30-40,16-33-51,06-13-20-26-35,0.108,Caster,人,10546,750,Arts,10546,11544,1629,450,600,675,712.5,0,12,0,0,0,0,0,0,0,0,0,0,
200,200-浅上藤乃,200浅上藤乃,0.59,3,0.59,3,0.59,3,0.59,3,0.59,5,16-33-51,16-33-51,16-33-51,16-33-51,06-13-20-26-35,0.079,Archer,人,10299,1200,Buster,11380,12470,1716,800,1000,1100,1150,0,8,0,0,0,11,0,0,0,0,0,0,
199,199-赛弥拉弥斯,199女帝赛弥拉弥斯赛米拉米斯,0.39,5,0.39,4,0.39,4,0.39,4,0.39,5,06-13-20-26-35,10-20-30-40,10-20-30-40,10-20-30-40,06-13-20-26-35,0.312,Assassin,地,11309,600,Buster,11309,12379,1747,400,500,550,575,0,12,0,150,0,0,0,0,0,0,0,0,
198,198-葛饰北斋,198阿荣葛饰北斋,0.33,5,0.33,4,0.33,4,0.33,6,0.33,4,06-13-20-26-35,10-20-30-40,10-20-30-40,04-09-14-19-23-31,10-20-30-40,0.15,Foreigner,人,12100,750,Arts,12100,13245,1870,450,600,675,712.5,0,4,0,175,0,0,0,0,0,0,0,0,
197,197-阿提拉·the·senta,197圣诞大王弓大王阿提拉·the·senta,0.59,10,0.59,3,0.59,3,0.59,3,0.59,4,01-03-05-07-09-10-12-14-16-23,16-33-51,16-33-51,16-33-51,10-20-30-40,0.081,Archer,星,9759,2000,Quick,10783,11816,1626,1200,1600,1800,1900,0,0,12,175,0,10,0,0,0,0,0,0,
196,196-埃列什基伽勒,196艾蕾枪凛埃列什基伽勒,0.54,5,0.54,1,0.54,4,0.54,6,0.54,4,06-13-20-26-35,100,10-20-30-40,04-09-14-19-23-31,10-20-30-40,0.118,Lancer,地,10343,600,Buster,10343,11322,1598,400,500,550,575,0,11,0,225,0,0,0,0,0,0,0,0,
195,195-阿比盖尔·威廉姆斯,195钥匙孔锁孔阿比盖尔·威廉姆斯,0.25,4,0.25,4,0.25,4,0.25,6,0.25,5,10-20-30-40,10-20-30-40,10-20-30-40,04-09-14-19-23-31,06-13-20-26-35,0.148,Foreigner,地,12100,1000,Buster,12100,13245,1870,600,800,900,950,8,0,0,175,0,0,0,0,0,0,0,0,
194,194-示巴女王,194黑猫示巴女王,0.81,5,0.81,4,0.81,4,0.81,3,0.81,5,06-13-20-26-35,10-20-30-40,10-20-30-40,16-33-51,06-13-20-26-35,0.108,Caster,人,8629,1500,Arts,9535,10448,1438,900,1200,1350,1425,0,6,0,0,0,0,0,0,0,0,0,0,
193,193-哪吒,193三太子哪吒,0.72,3,0.72,3,0.72,4,0.72,3,0.72,4,16-33-51,16-33-51,10-20-30-40,16-33-51,10-20-30-40,0.122,Lancer,天,9284,600,Buster,10258,11241,1547,400,500,550,575,0,0,0,0,0,0,0,0,0,0,0,0,
192,192-喀耳刻,192姑姑妈喀耳刻,0.39,5,0.39,2,0.39,3,0.39,3,0.39,4,06-13-20-26-35,33-67,16-33-51,16-33-51,10-20-30-40,0.108,Caster,天,8671,1200,Buster,9581,10499,1445,800,1000,1100,1150,0,8,0,0,0,0,0,0,0,0,0,0,
191,191-机械伊丽亲Ⅱ,191机械龙娘二号机机械伊丽亲Ⅱ,0.9,8,0.9,2,0.9,4,0.9,3,0.9,4,02-05-08-11-13-16-19-26,33-67,10-20-30-40,16-33-51,10-20-30-40,0.097,Alterego,人,9997,1000,Buster,11046,12104,1666,600,800,900,950,0,0,0,0,0,0,0,0,0,0,0,0,
190,190-机械伊丽亲,190机械龙娘机械伊丽亲,0.9,8,0.9,2,0.9,4,0.9,3,0.9,4,02-05-08-11-13-16-19-26,33-67,10-20-30-40,16-33-51,10-20-30-40,0.097,Alterego,人,9997,1000,Buster,11046,12104,1666,600,800,900,950,0,0,0,0,0,0,0,0,0,0,0,0,
189,189-刑部姬,189不行姬刑部姬,0.83,0,0.83,3,0.83,4,0.83,2,0.83,5,0,16-33-51,10-20-30-40,33-67,06-13-20-26-35,0.326,Assassin,地,10824,0,Quick,10824,11849,1672,0,0,0,0,0,11,0,150,0,0,0,0,0,0,0,0,
188,188-加藤段藏,188加藤段藏,0.71,3,0.71,2,0.71,4,0.71,3,0.71,5,16-33-51,33-67,10-20-30-40,16-33-51,06-13-20-26-35,0.355,Assassin,地,8935,600,Buster,9873,10818,1489,400,500,550,575,0,0,0,0,0,0,0,0,0,0,0,0,
187,187-柳生但马守宗矩,187老爷子柳生但马守宗矩,0.81,4,0.81,1,0.81,4,0.81,2,0.81,4,10-20-30-40,100,10-20-30-40,33-67,10-20-30-40,0.103,Saber,人,9999,1500,Arts,11048,12107,1666,900,1200,1350,1425,0,0,8,0,0,0,0,0,0,0,0,0,
186,186-宝藏院胤舜,186和尚光头宝藏院胤舜,1.06,0,1.06,2,1.06,3,1.06,2,1.06,4,0,33-67,16-33-51,33-67,10-20-30-40,0.122,Lancer,人,6791,0,Arts,8389,9191,1261,0,0,0,0,0,0,0,0,0,0,0,0,0,0,0,0,
185,185-望月千代女,185望月千代女,0.8,5,0.8,3,0.8,3,0.8,2,0.8,4,06-13-20-26-35,16-33-51,16-33-51,33-67,10-20-30-40,0.36,Assassin,地,8510,1800,Arts,9403,10304,1418,1200,1500,1650,1725,0,0,0,0,0,0,0,0,0,0,0,0,
184,184-巴御前,184巴妈妈鲅鱼圈巴御前,0.87,1,0.87,2,0.87,3,0.87,2,0.87,5,100,33-67,16-33-51,33-67,06-13-20-26-35,0.079,Archer,地,9946,1200,Buster,10990,12043,1657,800,1000,1100,1150,2,0,0,0,0,10,0,0,0,0,0,0,
183,183-帕尔瓦蒂,183雪山樱帕尔瓦蒂,1.08,4,1.08,3,1.08,3,1.08,2,1.08,5,10-20-30-40,16-33-51,16-33-51,33-67,06-13-20-26-35,0.118,Lancer,天,8127,1000,Quick,8980,9840,1354,600,800,900,950,0,0,0,225,0,0,0,0,0,0,0,0,
182,182-伊什塔尔,182骑凛伊什塔尔,0.68,4,0.68,5,0.68,2,0.68,3,0.68,3,10-20-30-40,06-13-20-26-35,33-67,16-33-51,16-33-51,0.09,Rider,天,9603,1000,Quick,10611,11627,1600,600,800,900,950,0,0,12,225,0,10,0,0,0,0,0,0,
181,181-源赖光,181枪奶光风纪委员源赖光,0.75,6,0.75,1,0.75,3,0.75,4,0.75,5,04-09-14-19-23-31,100,16-33-51,10-20-30-40,06-13-20-26-35,0.118,Lancer,天,9168,1000,Buster,10130,11100,1528,600,800,900,950,6,0,11,150,0,0,0,0,0,0,0,0,
180,180-海伦娜·布拉瓦茨基,180弓海伦娜泳装海伦娜海伦娜·布拉瓦茨基,0.38,4,0.38,1,0.38,3,0.38,5,0.38,3,10-20-30-40,100,16-33-51,06-13-20-26-35,16-33-51,0.08,Archer,人,9446,750,Arts,10437,11437,1574,450,600,675,712.5,0,0,0,0,0,6,0,0,0,0,0,0,
179,179-阿尔托莉雅·潘德拉贡(Alter),179水黑呆女仆呆水无毛黑无毛泳装黑呆毛阿尔托莉雅·潘德拉贡(Alter),0.59,6,0.59,2,0.59,3,0.59,3,0.59,5,04-09-14-19-23-31,33-67,16-33-51,16-33-51,06-13-20-26-35,0.09,Rider,人,10776,2000,Quick,10776,11796,1665,1200,1600,1800,1900,0,0,8,0,0,12,0,0,0,0,0,0,
178,178-织田信长,178狂信长泳装信长水信长水nobu钉宫理惠织田信长,0.93,12,0.93,6,0.93,3,0.93,2,0.93,5,01-02-03-05-06-07-08-10-11-12-14-21,04-09-14-19-23-31,16-33-51,33-67,06-13-20-26-35,0.05,Berserker,人,10146,1200,Buster,11211,12285,1691,800,1000,1100,1150,6,0,0,0,0,0,0,0,0,0,0,0,
177,177-尼托克丽丝,177杀尼托泳装尼托水泥托尼托克丽丝,0.78,3,0.78,1,0.78,3,0.78,2,0.78,4,16-33-51,100,16-33-51,33-67,10-20-30-40,0.35,Assassin,天,8812,750,Arts,9737,10670,1468,450,600,675,712.5,0,0,0,185,0,0,0,0,0,0,0,0,
176,176-弗兰肯斯坦,176剑肯娘泳装肯娘水肯娘弗兰肯斯坦,0.7,5,0.7,5,0.7,3,0.7,4,0.7,5,06-13-20-26-35,06-13-20-26-35,16-33-51,10-20-30-40,06-13-20-26-35,0.099,Saber,地,9353,2000,Quick,10335,11325,1558,1200,1600,1800,1900,2,0,12,0,0,0,0,0,0,0,0,0,
175,175-尼禄·克劳狄乌斯,175泳装尼禄水尼禄克劳狄乌斯,0.4,5,0.4,2,0.4,4,0.4,6,0.4,6,06-13-20-26-35,33-67,10-20-30-40,04-09-14-19-23-31,04-09-14-19-23-31,0.111,Caster,人,10857,500,Buster,10857,11885,1677,300,400,450,475,0,11,8,0,0,0,0,0,0,0,0,0,
174,174-保罗·班扬,174-保罗·班扬,0.67,2,0.67,3,0.67,3,0.67,3,0.67,4,33-67,16-33-51,16-33-51,16-33-51,10-20-30-40,0.049,Berserker,地,6044,500,Buster,8556,9391,1099,300,400,450,475,4,0,0,0,0,0,0,0,0,0,0,0,
173,173-夏洛克·福尔摩斯,173老福侦探夏洛克·福尔摩斯,0.76,0,0.76,4,0.76,3,0.76,3,0.76,5,0,10-20-30-40,16-33-51,16-33-51,06-13-20-26-35,0.1,Ruler,星,11495,0,Arts,11495,12583,1776,0,0,0,0,0,12,0,0,0,0,0,0,0,0,0,0,
172,172-克里斯托弗·哥伦布,172克里斯托弗·哥伦布,0.55,5,0.55,4,0.55,3,0.55,3,0.55,5,06-13-20-26-35,10-20-30-40,16-33-51,16-33-51,06-13-20-26-35,0.089,Rider,人,6552,600,Buster,8094,8867,1216,400,500,550,575,0,0,8,0,0,0,0,0,0,0,0,0,
171,171-彭特西勒亚,171亚马逊CEO彭特西勒亚,1.07,8,1.07,2,1.07,3,1.07,2,1.07,5,02-05-08-11-13-16-19-26,33-67,16-33-51,33-67,06-13-20-26-35,0.049,Berserker,地,10502,1000,Buster,11604,12716,1750,600,800,900,950,12,0,0,175,0,0,0,0,0,0,0,0,
170,170-武则天,170武则天武后,0.87,4,0.87,3,0.87,3,0.87,3,0.87,3,10-20-30-40,16-33-51,16-33-51,16-33-51,16-33-51,0.295,Assassin,人,8981,2400,Quick,9924,10874,1496,1600,2000,2200,2300,0,0,0,0,0,0,0,0,0,0,0,0,
169,169-山鲁佐德,1691001山鲁佐德,0.51,5,0.51,4,0.51,4,0.51,3,0.51,4,06-13-20-26-35,10-20-30-40,10-20-30-40,16-33-51,10-20-30-40,0.108,Caster,人,9212,900,Arts,9212,10084,1423,600,750,825,862.5,0,11.5,0,0,0,0,0,0,0,0,0,0,
168,,,,,,,,,,,,,,,,,,,,,,,,,,,,,,,,,,,,,,,,,,,
167,167-杀生院祈荒,167杀生院祈荒ssy,0.55,3,0.55,1,0.55,3,0.55,3,0.55,5,16-33-51,100,16-33-51,16-33-51,06-13-20-26-35,0.1,Alterego,兽,11668,900,Arts,11668,12772,1803,600,750,825,862.5,0,0,0,0,0,10,0,0,0,0,0,0,
166,166-BB,166BB,0.61,5,0.61,1,0.61,4,0.61,3,0.61,4,06-13-20-26-35,100,10-20-30-40,16-33-51,10-20-30-40,0.147,Moon Cancer,人,8197,1500,Arts,9057,9925,1366,900,1200,1350,1425,0,10,0,0,0,0,0,0,0,0,0,0,
165,165-铃鹿御前,165jk狐铃鹿御前,0.57,10,0.57,3,0.57,3,0.57,3,0.57,4,01-03-05-07-09-10-12-14-16-23,16-33-51,16-33-51,16-33-51,10-20-30-40,0.102,Saber,天,9544,600,Buster,10546,11556,1590,400,500,550,575,0,0,8,200,0,0,0,0,0,0,0,0,
164,164-Passionlip,164帕森莉普Passionlip,0.77,12,0.77,1,0.77,4,0.77,3,0.77,5,01-02-03-05-06-07-08-10-11-12-14-21,100,10-20-30-40,16-33-51,06-13-20-26-35,0.204,Alterego,地,10299,600,Buster,11380,12470,1716,400,500,550,575,0,0,0,200,0,6,0,0,0,0,0,0,
163,163-Meltryllis,163梅尔特莉莉丝溶解莉莉丝Meltryllis,0.92,8,0.92,1,0.92,4,0.92,2,0.92,6,02-05-08-11-13-16-19-26,100,10-20-30-40,33-67,04-09-14-19-23-31,0.102,Alterego,地,11692,2000,Quick,11692,12799,1807,1200,1600,1800,1900,0,0,8,225,0,10,0,0,0,0,0,0,
162,162-茶茶,162日轮的宠姬茶茶,1.03,8,1.03,5,1.03,3,1.03,2,1.03,4,02-05-08-11-13-16-19-26,06-13-20-26-35,16-33-51,33-67,10-20-30-40,0.049,Berserker,人,8945,500,Buster,9884,10831,1490,300,400,450,475,3,0,0,0,0,0,0,0,0,0,0,0,
161,161-土方岁三,161新选组副长土方岁三,1.08,5,1.08,2,1.08,3,1.08,2,1.08,3,06-13-20-26-35,33-67,16-33-51,33-67,12-25-63,0.049,Berserker,人,12089,1200,Buster,12089,13233,1868,800,1000,1100,1150,5,0,0,0,0,0,0,0,0,0,0,0,
160,160-亚瑟·潘德拉贡(Prototype),160旧剑亚瑟·潘德拉贡(Prototype),0.84,3,0.84,1,0.84,3,0.84,2,0.84,5,16-33-51,100,16-33-51,33-67,06-13-20-26-35,0.1,Saber,地,12465,500,Buster,12465,13645,1926,300,400,450,475,0,0,8,0,0,0,0,0,0,0,0,0,
159,159-燕青,159小乙哥燕青,0.71,11,0.71,1,0.71,3,0.71,3,0.71,5,01-03-04-06-07-09-10-12-13-15-20,100,16-33-51,16-33-51,06-13-20-26-35,0.316,Assassin,人,8661,2400,Quick,9570,10487,1443,1600,2000,2200,2300,0,0,5,0,0,5,0,0,0,0,0,0,
158,158-黑森·罗伯,158新宿的Avenger狼王黑森·罗伯,0.79,8,0.79,2,0.79,3,0.79,2,0.79,5,02-05-08-11-13-16-19-26,33-67,16-33-51,33-67,06-13-20-26-35,0.06,Avenger,地,10628,2400,Quick,11743,12868,1771,1600,2000,2200,2300,0,0,0,0,0,8,0,0,0,0,0,0,
157,157-卫宫(Alter),157黑A卫宫(Alter),0.43,10,0.43,4,0.43,4,0.43,4,0.43,5,01-03-05-07-09-10-12-14-16-23,10-20-30-40,10-20-30-40,10-20-30-40,06-13-20-26-35,0.079,Archer,人,8996,1800,Arts,9940,10892,1499,1200,1500,1650,1725,0,0,0,0,0,10,0,0,0,0,0,0,
156,156-詹姆斯·莫里亚蒂,156新宿的Archer教授詹姆斯·莫里亚蒂,0.38,12,0.38,5,0.38,3,0.38,4,0.38,6,01-02-03-05-06-07-08-10-11-12-14-21,06-13-20-26-35,16-33-51,10-20-30-40,04-09-14-19-23-31,0.08,Archer,人,11781,1000,Buster,11781,12896,1820,600,800,900,950,0,0,0,0,0,11,0,0,0,0,0,0,
155,155-谜之女主角(Alter),155BX谜之女主角(Alter),1.07,9,1.07,4,1.07,3,1.07,2,1.07,5,02-04-06-08-11-13-15-17-24,10-20-30-40,16-33-51,33-67,06-13-20-26-35,0.05,Berserker,星,11113,2400,Quick,11113,12165,1717,1600,2000,2200,2300,6,0,0,0,0,0,0,0,0,0,0,0,
154,154-山之翁,154山之翁山中老人王哈桑,1,1,1,1,1,5,1,3,1,6,100,100,06-13-20-26-35,16-33-51,04-09-14-19-23-31,0.355,Assassin,人,11848,1000,Buster,11848,12969,1831,600,800,900,950,0,0,0,0,0,8,0,0,0,0,0,0,
153,153-宫本武藏,153宫本武藏新免武藏守藤原玄信,0.87,7,0.87,2,0.87,3,0.87,3,0.87,4,03-07-10-14-17-21-28,33-67,16-33-51,16-33-51,10-20-30-40,0.1,Saber,人,12037,1200,Buster,12037,13176,1860,800,1000,1100,1150,0,0,0,0,0,0,0,0,0,0,0,0,
152,,,,,,,,,,,,,,,,,,,,,,,,,,,,,,,,,,,,,,,,,,,
151,,,,,,,,,,,,,,,,,,,,,,,,,,,,,,,,,,,,,,,,,,,
150,150-梅林,150花之魔术师梅林,0.81,0,0.81,5,0.81,3,0.81,2,0.81,6,0,06-13-20-26-35,16-33-51,33-67,04-09-14-19-23-31,0.108,Caster,地,10546,0,Arts,10546,11544,1629,0,0,0,0,0,6,0,0,0,0,0,0,0,0,0,0,
149,,,,,,,,,,,,,,,,,,,,,,,,,,,,,,,,,,,,,,,,,,,
148,148-豹人,148老虎冬木之虎豹人大河,1.05,2,1.05,4,1.05,2,1.05,2,1.05,6,33-67,10-20-30-40,33-67,33-67,04-09-14-19-23-31,0.12,Lancer,地,7022,1000,Buster,8674,9503,1304,600,800,900,950,2,0,0,200,0,0,0,0,0,0,0,0,
147,147-戈耳工,147R姐戈耳工,0.37,3,0.37,3,0.37,3,0.37,5,0.37,5,16-33-51,16-33-51,16-33-51,06-13-20-26-35,06-13-20-26-35,0.06,Avenger,地,10706,600,Buster,11830,12963,1784,400,500,550,575,0,0,0,0,0,6,0,0,0,0,0,0,
146,146-美杜莎,146安娜幼R姐枪美杜莎L美杜莎,0.44,8,0.44,1,0.44,3,0.44,4,0.44,5,02-05-08-11-13-16-19-26,100,16-33-51,10-20-30-40,06-13-20-26-35,0.122,Lancer,地,8253,2400,Quick,9119,9993,1375,1600,2000,2200,2300,0,0,0,250,0,0,0,0,0,0,0,0,
145,145-吉尔伽美什,145C闪贤王闪闪吉尔伽美什,0.16,10,0.32,6,0.32,2,0.32,5,0.32,5,01-03-05-07-09-10-12-14-16-23,04-09-14-19-23-31,33-67,06-13-20-26-35,06-13-20-26-35,0.109,Caster,人,8460,900,Arts,9348,10243,1410,600,750,825,862.5,0,10,0,175,0,0,0,0,0,0,0,0,
144,144-魁札尔·科亚特尔,144羽蛇神大姐姐魁札尔·科亚特尔,0.9,1,0.9,3,0.9,3,0.9,2,0.9,5,100,16-33-51,16-33-51,33-67,06-13-20-26-35,0.09,Rider,天,12001,1000,Buster,12001,13137,1854,600,800,900,950,0,0,12,300,0,0,0,0,0,0,0,0,
143,143-恩奇都,143小恩恩奇都,0.53,5,0.53,1,0.53,4,0.53,5,0.53,6,06-13-20-26-35,100,10-20-30-40,06-13-20-26-35,04-09-14-19-23-31,0.12,Lancer,天,10780,1200,Buster,10780,11800,1666,800,1000,1100,1150,0,0,0,0,0,0,0,0,0,0,0,0,
142,142-伊什塔尔,142弓凛金星女神伊什塔尔,0.45,3,0.45,1,0.45,4,0.45,4,0.45,7,16-33-51,100,10-20-30-40,10-20-30-40,03-07-10-14-17-21-28,0.08,Archer,天,12252,600,Buster,12252,13412,1893,400,500,550,575,0,0,0,225,0,10,0,0,0,0,0,0,
141,141-贞德·Alter·圣诞·Lily,141幼贞童贞黑贞lily贞德·Alter·圣诞·Lily,0.72,5,0.72,1,0.72,3,0.72,3,0.72,5,06-13-20-26-35,100,16-33-51,16-33-51,06-13-20-26-35,0.121,Lancer,人,9261,500,Buster,10233,11213,1543,300,400,450,475,0,0,0,0,0,0,0,0,0,0,0,0,
140,140-弗拉德三世(EXTRA),140L大公枪大公弗拉德三世(EXTRA),1.1,6,1.1,3,1.1,3,1.1,2,1.1,5,04-09-14-19-23-31,16-33-51,16-33-51,33-67,06-13-20-26-35,0.116,Lancer,人,8775,1000,Buster,9696,10625,1462,600,800,900,950,0,0,0,0,0,0,0,0,0,0,0,0,
139,139-克娄巴特拉,139超高校艳后克娄巴特拉,1.06,5,1.06,3,1.06,4,1.06,2,1.06,6,06-13-20-26-35,16-33-51,10-20-30-40,33-67,04-09-14-19-23-31,0.335,Assassin,人,11088,600,Buster,11088,12138,1713,400,500,550,575,0,0,0,125,0,0,0,0,0,0,0,0,
138,138-伊丽莎白·巴托里(勇者),138剑龙娘伊丽莎白·巴托里(勇者),0.55,7,0.55,1,0.55,4,0.55,3,0.55,5,03-07-10-14-17-21-28,100,10-20-30-40,16-33-51,06-13-20-26-35,0.099,Saber,地,9899,1000,Buster,10938,11986,1649,600,800,900,950,0,6,0,0,0,0,0,0,0,0,0,0,
137,137-克洛伊·冯·爱因兹贝伦,137小黑克洛伊·冯·爱因兹贝伦,0.38,6,0.38,2,0.38,3,0.38,6,0.38,4,04-09-14-19-23-31,33-67,16-33-51,04-09-14-19-23-31,10-20-30-40,0.08,Archer,天,9845,1500,Arts,10878,11920,1640,900,1200,1350,1425,0,0,0,0,0,8,0,0,0,0,0,0,
136,136-伊莉雅丝菲尔·冯·爱因兹贝伦,136伊莉雅丝菲尔·冯·爱因兹贝伦,0.32,4,0.32,1,0.32,3,0.32,5,0.32,5,10-20-30-40,100,16-33-51,06-13-20-26-35,06-13-20-26-35,0.107,Caster,人,10857,1200,Buster,10857,11885,1677,800,1000,1100,1150,0,0,0,0,0,0,0,0,0,0,0,0,
135,135-玛尔达,135尺马达铁拳圣女玛尔达,0.76,10,0.76,1,0.76,4,0.76,3,0.76,5,02-05-08-10-13-08-10-13-08-23,100,10-20-30-40,16-33-51,06-13-20-26-35,0.1,Ruler,人,9546,1200,Buster,10548,11558,1591,800,1000,1100,1150,0,0,0,0,0,0,0,0,0,0,0,0,
134,134-清姬,134L清姬枪清姬,1.05,6,1.05,6,1.05,2,1.05,2,1.05,5,04-09-14-19-23-31,04-09-14-19-23-31,33-67,33-67,06-13-20-26-35,0.12,Lancer,地,8936,1000,Buster,9874,10820,1489,600,800,900,950,12,0,0,0,0,0,0,0,0,0,0,0,
133,133-斯卡哈,133杀师匠aba杀斯卡哈,0.71,5,0.71,3,0.71,3,0.71,3,0.71,5,06-13-20-26-35,16-33-51,16-33-51,16-33-51,06-13-20-26-35,0.276,Assassin,星,9049,1000,Quick,9999,10956,1508,600,800,900,950,0,0,0,0,0,0,0,0,0,0,0,0,
132,132-莫德雷德,132R莫R小莫冲浪莫莫德雷德,0.71,5,0.71,1,0.71,3,0.71,2,0.71,4,06-13-20-26-35,100,16-33-51,33-67,10-20-30-40,0.142,Rider,地,9212,750,Arts,10179,11154,1535,450,600,675,712.5,0,5,0,0,0,0,0,0,0,0,0,0,
131,131-安妮·伯妮＆玛莉·瑞德,131弓双子安妮·伯妮＆玛莉·瑞德,0.85,9,0.85,1,0.85,3,0.85,2,0.85,5,03-16-10-13-06-10-13-06-23,100,16-33-51,33-67,06-13-20-26-35,0.081,Archer,人,9446,1000,Buster,10437,11437,1574,600,800,900,950,0,0,0,0,0,10,0,0,0,0,0,0,
130,130-玛丽·安托瓦内特,130水母C玛丽·安托瓦内特,0.32,3,0.32,1,0.32,3,0.32,5,0.32,4,16-33-51,100,16-33-51,06-13-20-26-35,10-20-30-40,0.109,Caster,人,9060,750,Arts,10011,10970,1510,450,600,675,712.5,0,10,0,0,0,0,0,0,0,0,0,0,
129,129-阿尔托莉雅·潘德拉贡,129弓呆水呆毛阿尔托莉雅·潘德拉贡,0.59,10,0.59,3,0.59,4,0.59,3,0.59,5,02-05-08-05-08-11-13-08-11-29,16-33-51,10-20-30-40,16-33-51,06-13-20-26-35,0.08,Archer,地,11276,1500,Arts,11276,12343,1742,900,1200,1350,1425,0,10,0,0,0,10,0,0,0,0,0,0,
128,128-玉藻前,128枪狐L狐小玉玉藻前,1.05,4,1.05,3,1.05,4,1.05,2,1.05,4,10-20-30-40,16-33-51,10-20-30-40,33-67,10-20-30-40,0.122,Lancer,天,10726,1000,Buster,10726,11741,1657,600,800,900,950,0,10,10,230,0,0,0,0,0,0,0,0,
127,127-莱昂纳多·达·芬奇,127达芬奇奸商莱昂纳多·达·芬奇,0.54,1,0.54,1,0.54,4,0.54,3,0.54,4,100,100,09-27-27-37,16-33-51,09-18-27-46,0.108,Caster,星,10598,900,Arts,10598,11601,1637,600,750,825,862.5,0,10,0,0,0,0,0,0,0,0,0,0,
126,126-贝德维尔,126小贝德维尔,1.11,2,1.11,1,1.11,2,1.11,2,1.11,5,33-67,100,33-67,33-67,06-13-20-26-35,0.102,Saber,星,7627,1200,Buster,9421,10322,1416,800,1000,1100,1150,0,0,10,0,0,0,0,0,0,0,0,0,
125,125-俵滕太,125送米哥大米哥俵滕太,0.57,3,0.57,1,0.57,2,0.57,3,0.57,5,16-33-51,100,33-67,16-33-51,06-13-20-26-35,0.078,Archer,人,7032,600,Buster,8686,9517,1306,400,500,550,575,0,0,0,0,0,8,0,0,0,0,0,0,
124,124-静谧哈桑,124毒娘静谧哈桑,0.53,1,0.53,4,0.53,3,0.53,3,0.53,5,100,10-20-30-40,16-33-51,16-33-51,06-13-20-26-35,0.361,Assassin,人,6636,1800,Arts,8197,8981,1232,1200,1500,1650,1725,0,0,0,0,0,10,0,0,0,0,0,0,
123,123-高文,123太阳骑士高文,1.14,4,1.14,1,1.14,2,1.14,2,1.14,5,10-20-30-40,100,33-67,33-67,06-13-20-26-35,0.1,Saber,地,10173,500,Buster,11241,12317,1695,300,400,450,475,0,0,8,0,0,0,0,0,0,0,0,0,
122,122-崔斯坦,122崔悲伤崔斯坦,0.58,7,0.58,5,0.58,4,0.58,3,0.58,6,05-11-16-05-11-16-36,06-13-20-26-35,10-20-30-40,16-33-51,04-09-14-19-23-31,0.081,Archer,地,9735,2400,Quick,10757,11787,1622,1600,2000,2200,2300,0,0,0,0,0,8,0,0,0,0,0,0,
121,121-兰斯洛特,121剑兰长江兰斯洛特,0.83,1,0.83,4,0.83,3,0.83,2,0.83,5,100,10-20-30-40,16-33-51,33-67,06-13-20-26-35,0.1,Saber,地,9949,1500,Arts,10993,12046,1658,900,1200,1350,1425,0,0,8,0,0,0,0,0,0,0,0,0,
120,120-尼托克丽丝,120术尼托克丽丝,0.54,3,0.54,3,0.54,4,0.54,3,0.54,5,16-33-51,16-33-51,10-20-30-40,16-33-51,06-13-20-26-35,0.108,Caster,地,9060,900,Arts,10011,10970,1510,600,750,825,862.5,0,10,0,175,0,0,0,0,0,0,0,0,
119,119-阿尔托莉雅·潘德拉贡,119白枪呆狮子王阿尔托莉雅·潘德拉贡,1.1,2,1.1,1,1.1,3,1.1,2,1.1,5,33-67,100,16-33-51,33-67,06-13-20-26-35,0.122,Lancer,天,10995,500,Buster,10995,12036,1699,300,400,450,475,0,0,10,0,0,0,0,0,0,0,0,0,
118,118-奥斯曼狄斯,118拉二法老子安奥斯曼狄斯,0.59,5,0.59,1,0.59,5,0.59,3,0.59,5,06-13-20-26-35,100,06-13-20-26-35,16-33-51,06-13-20-26-35,0.09,Rider,天,11971,1200,Buster,11971,13104,1850,800,1000,1100,1150,0,0,11,175,0,0,0,0,0,0,0,0,
117,117-风魔小太郎,117风魔小太郎,0.54,5,0.54,1,0.54,4,0.54,4,0.54,4,06-13-20-26-35,100,10-20-30-40,10-20-30-40,09-18-27-46,0.361,Assassin,人,7091,1200,Quick,8759,9597,1316,800,1000,1100,1150,0,0,0,0,0,0,0,0,0,0,0,0,
116,116-茨木童子,116茨木童子,1.03,1,1.03,1,1.03,4,1.03,2,1.03,5,100,100,09-27-27-37,33-67,06-13-20-26-35,0.049,Berserker,地,9636,1000,Buster,10647,11667,1606,600,800,900,950,8,0,0,0,0,0,0,0,0,0,0,0,
115,115-坂田金时,115R金时骑金时坂田金时,1.15,4,1.15,1,1.15,4,1.15,2,1.15,5,35-21-14-30,100,10-20-30-40,33-67,06-13-20-26-35,0.09,Rider,地,9819,2000,Quick,10850,11889,1636,1200,1600,1800,1900,0,0,0,150,0,0,0,0,0,0,0,0,
114,114-源赖光,114奶光妈妈源赖光,0.46,7,0.46,1,0.46,3,0.46,4,0.46,5,16-12-12-08-16-12-24,100,16-33-51,10-20-30-40,20-13-06-26-35,0.049,Berserker,天,11556,600,Buster,11556,12650,1786,400,500,550,575,12,0,11,150,0,0,0,0,0,0,0,0,
113,113-玄奘三藏,113玄奘三藏西行者,0.82,12,0.82,1,0.82,3,0.82,2,0.82,6,15-03-06-09-03-06-09-03-06-09-03-28,100,16-33-51,33-67,04-09-14-19-23-31,0.11,Caster,人,11658,1200,Buster,11658,12761,1801,800,1000,1100,1150,0,11,0,125,0,0,0,0,0,0,0,0,
112,112-酒吞童子,112凹酱umb酒吞童子,0.55,1,0.55,1,0.55,4,0.55,3,0.55,6,100,100,09-27-27-37,16-33-51,04-09-14-19-23-31,0.31,Assassin,地,11993,900,Arts,11993,13128,1853,600,750,825,862.5,0,0,0,150,0,0,0,0,0,0,0,0,
111,111-爱丽丝菲尔(天之衣),111太太白杯天之圣杯爱丽丝菲尔(天之衣),0.42,0,0.42,3,0.42,3,0.42,3,0.42,4,0,16-33-51,16-33-51,16-33-51,09-18-27-46,0.108,Caster,天,8237,0,Arts,9101,9973,1372,0,0,0,0,0,8,0,200,0,0,0,0,0,0,0,0,
110,110-百貌哈桑,110百貌哈桑,0.38,13,0.48,1,0.48,3,0.48,3,0.48,6,16-05-11-08-11-05-08-05-02-08-02-11-08,100,16-33-51,16-33-51,04-09-14-19-23-31,0.355,Assassin,人,6686,1800,Arts,8259,9049,1241,1200,1500,1650,1725,0,0,0,0,0,0,0,0,0,0,0,0,
109,109-卫宫,109切丝papa卫宫切嗣,0.28,15,0.46,6,0.46,4,0.46,2,0.46,8,06-04-08-06-08-04-06-04-02-06-02-08-02-06-28,08-16-25-08-16-27,09-27-27-37,33-67,15-21-05-10-15-05-10-19,0.361,Assassin,人,8958,1800,Arts,9898,10846,1493,1200,1500,1650,1725,0,0,0,0,0,10,0,0,0,0,0,0,
108,108-伊斯坎达尔,108大帝伊斯坎达尔,0.86,8,0.86,1,0.86,3,0.86,2,0.86,6,33-12-08-04-12-08-04-19,100,16-33-51,33-67,04-09-14-19-23-31,0.088,Rider,人,11560,600,Buster,11560,12654,1786,400,500,550,575,0,0,11,150,0,0,0,0,0,0,0,0,
107,107-安格拉曼纽,107小安安格拉曼纽,0.79,0,0.79,1,0.79,3,0.79,2,0.79,4,0,100,16-33-51,33-67,09-18-27-46,0.06,Avenger,人,5683,0,Arts,7506,8235,1008,0,0,0,0,0,0,0,0,0,10,0,0,0,0,0,0,
106,106-贞德(Alter),106黑贞德(Alter),0.83,10,0.83,4,0.83,3,0.83,2,0.83,7,03-05-03-07-08-10-12-14-16-22,10-20-30-40,16-33-51,33-67,03-07-10-14-17-21-28,0.06,Avenger,人,13244,1200,Buster,13244,14498,2046,800,1000,1100,1150,0,0,0,0,0,10,0,0,0,0,0,0,
105,105-比利小子,105比利王比利小子,0.56,3,0.56,4,0.56,2,0.56,3,0.56,4,16-33-51,10-20-30-40,33-67,16-33-51,09-18-27-46,0.08,Archer,人,6890,2400,Quick,8511,9325,1279,1600,2000,2200,2300,0,0,7,0,0,10,0,0,0,0,0,0,
104,104-杰罗尼莫,104二表哥杰罗尼莫,0.9,1,0.9,1,0.9,2,0.9,2,0.9,4,100,100,25-75,33-67,09-18-27-46,0.11,Caster,人,6857,900,Arts,8470,9280,1273,600,750,825,862.5,0,8,0,0,0,0,0,0,0,0,0,0,
103,103-托马斯·爱迪生,103爱迪狮托马斯·爱迪生,0.51,1,0.51,3,0.51,3,0.51,3,0.51,5,100,16-33-51,16-33-51,16-33-51,06-13-20-26-35,0.106,Caster,人,7952,900,Arts,8787,9628,1325,600,750,825,862.5,0,4,0,0,0,0,0,0,0,0,0,0,
102,102-李书文,102枪李大师李书文,0.52,3,0.52,1,0.52,3,0.52,3,0.52,5,12-25-63,100,16-33-51,16-33-51,06-13-20-26-35,0.122,Lancer,人,9653,1800,Arts,10666,11688,1608,1200,1500,1650,1725,0,0,0,0,0,0,0,0,0,0,0,0,
101,101-罗摩,101罗摩,0.84,5,0.84,1,0.84,2,0.84,2,0.84,4,06-13-20-26-35,100,25-75,33-67,09-18-27-46,0.102,Saber,天,9854,1200,Buster,10888,11931,1642,800,1000,1100,1150,0,0,11,200,0,0,0,0,0,0,0,0,
100,100-海伦娜·布拉瓦茨基,100海伦娜·布拉瓦茨基,0.45,3,0.45,1,0.45,6,0.45,3,0.45,3,16-33-51,100,04-09-14-19-23-31,16-33-51,12-25-63,0.107,Caster,人,8629,900,Arts,9535,10448,1438,600,750,825,862.5,0,10,0,0,0,0,0,0,0,0,0,0,
99,99-女王梅芙,99R梅芙女王梅芙,0.86,5,0.86,1,0.86,3,0.86,2,0.86,7,06-13-20-26-35,100,16-33-51,33-67,19-09-14-09-14-09-26,0.09,Rider,地,10296,1200,Buster,10296,11270,1591,800,1000,1100,1150,0,0,10,0,0,0,0,0,0,0,0,0,
98,98-库·丘林(Alter),98狂狗黑狗库·丘林(Alter),0.69,12,0.69,3,0.69,4,0.69,3,0.69,5,02-05-07-10-05-07-10-05-07-10-05-27,16-33-51,10-20-30-40,16-33-51,05-10-15-20-50,0.051,Berserker,地,12805,1200,Buster,12805,14017,1979,800,1000,1100,1150,6,0,0,150,0,0,0,0,0,0,0,0,
97,97-南丁格尔,97护士南丁格尔,0.77,0,0.77,1,0.5,6,0.77,2,0.77,5,0,100,06-13-20-13-20-28,66-34,06-13-20-26-35,0.05,Berserker,人,10184,0,Arts,10184,11148,1573,0,0,0,0,12,0,0,0,0,0,0,0,0,0,0,0,
96,96-岩窟王·爱德蒙·唐泰斯,96伯爵岩窟王·爱德蒙·唐泰斯,0.62,8,0.62,3,0.62,4,0.62,2,0.62,5,03-06-10-13-16-13-10-29,16-33-51,10-20-30-40,33-67,05-11-05-17-62,0.059,Avenger,人,12641,1200,Quick,12641,13838,1953,800,1000,1100,1150,0,0,0,0,0,8,0,0,0,0,0,0,
95,95-幼吉尔,95幼闪美少年幼吉尔,0.62,10,0.62,3,0.62,3,0.62,3,0.62,3,04-08-13-04-08-13-04-08-13-25,16-33-51,16-33-51,16-33-51,16-33-51,0.079,Archer,天,7696,600,Buster,9507,10415,1429,400,500,550,575,0,0,0,175,0,10,0,0,0,0,0,0,
94,94-阿斯托尔福,94阿福伪娘阿斯托尔福,0.66,1,0.66,1,0.66,2,0.66,2,0.66,4,100,100,33-67,33-67,09-18-27-46,0.09,Rider,地,8937,1200,Quick,9875,10821,1489,800,1000,1100,1150,0,0,11,0,0,8,0,0,0,0,0,0,
93,93-天草四郎,93天草四郎,0.86,1,0.86,1,0.86,3,0.86,2,0.86,7,100,100,16-33-51,33-67,09-18-27-09-18-27-46,0.1,Ruler,人,10972,600,Buster,10972,12011,1695,400,500,550,575,0,0,0,0,0,0,0,0,0,0,0,0,
92,92-两仪式,92杀式214杀两仪式式姐,0.8,3,0.8,1,0.8,4,0.8,2,0.8,5,16-33-51,100,30-20-10-40,33-67,26-13-20-06-35,0.316,Assassin,人,8867,1800,Arts,9798,10736,1477,1200,1500,1650,1725,0,0,0,0,0,10,0,0,0,0,0,0,
91,91-两仪式,91剑式215剑两仪式式姐,0.84,1,0.84,1,0.84,4,0.84,2,0.84,4,100,100,10-20-30-40,33-67,09-18-27-46,0.099,Saber,人,10721,900,Arts,10721,11736,1656,600,750,825,862.5,6,6,6,0,0,6,0,0,0,0,0,0,
90,90-尼禄·克劳狄乌斯(花嫁),90花嫁尼禄嫁王尼禄·克劳狄乌斯(花嫁),0.7,2,0.7,1,0.7,3,0.7,3,0.7,5,25-75,100,16-33-51,16-33-51,06-13-20-26-35,0.101,Saber,人,11607,1800,Arts,11607,12706,1793,1200,1500,1650,1725,0,0,8,0,0,0,0,0,0,0,0,0,
89,89-贝奥武夫,89贝爷欧拉贝奥武夫,0.68,12,0.68,1,0.68,3,0.68,3,0.68,4,13-07-10-05-07-05-07-05-07-05-07-22,100,16-33-51,16-33-51,09-18-27-46,0.049,Berserker,地,10247,1100,Buster,11323,12407,1707,700,900,1000,1050,1,0,0,0,0,0,0,0,0,0,0,0,
88,88-布伦希尔德,88布姐布伦希尔德,1.07,5,1.07,1,1.07,3,1.07,2,1.07,5,06-13-20-26-35,100,16-33-51,33-67,06-13-20-26-35,0.122,Lancer,天,11432,1200,Buster,11432,12514,1766,800,1000,1100,1150,0,0,10,100,0,0,0,0,0,0,0,0,
87,87-芬恩·麦克库尔,87水枪芬恩·麦克库尔,0.55,3,0.55,1,0.55,2,0.55,2,0.55,4,16-33-51,100,33-67,33-67,27-18-09-46,0.123,Lancer,天,8930,900,Arts,9867,10812,1488,600,750,825,862.5,0,0,0,125,0,0,0,0,0,0,0,0,
86,86-谜之女主角X,86X毛星战谜之女主角X,0.81,12,0.81,1,0.81,4,0.81,2,0.81,4,05-07-05-07-05-07-05-07-05-07-05-35,100,10-20-30-40,33-67,09-18-27-46,0.356,Assassin,星,11761,2400,Quick,11761,12874,1817,1600,2000,2200,2300,0,0,12,0,0,0,0,0,0,0,0,0,
85,85-迦尔纳,85小太阳印度迦尔纳,0.72,5,0.72,1,0.72,3,0.72,3,0.72,4,06-13-20-26-35,100,16-33-51,16-33-51,09-18-27-46,0.122,Lancer,天,11976,600,Buster,11976,13110,1850,400,500,550,575,0,0,10,200,0,0,0,0,0,0,0,0,
84,84-阿周那,84娜娜印度阿周那,0.51,1,0.51,3,0.51,2,0.51,3,0.51,5,100,16-33-51,25-75,16-33-51,06-13-20-26-35,0.08,Archer,天,12342,600,Buster,12342,13510,1907,400,500,550,575,0,0,10,175,0,0,0,0,0,0,0,0,
83,,,,,,,,,,,,,,,,,,,,,,,,,,,,,,,,,,,,,,,,,,,
82,82-弗兰肯斯坦,82B肯娘弗兰肯斯坦,0.83,6,0.83,1,0.83,2,0.83,2,0.83,3,04-09-14-19-23-31,100,25-75,33-67,12-25-63,0.049,Berserker,地,9441,1300,Quick,10432,11431,1573,900,1100,1200,1250,4,0,0,0,0,0,0,0,0,0,0,0,
81,81-亨利·杰基尔＆海德,81化身博士亨利·杰基尔＆海德,1.05,0,1.05,1,1.05,2,1.05,2,1.05,3,0,100,33-67,33-67,12-25-63,0.356,Assassin,地,6320,0,Buster,7807,8553,1173,0,0,0,0,0,0,0,0,0,0,0,0,0,0,0,0,
80,80-查尔斯·巴贝奇,80高达蒸汽机器人查尔斯·巴贝奇,0.91,4,0.91,1,0.91,2,0.91,2,0.91,3,10-20-30-40,100,33-67,33-67,16-33-51,0.108,Caster,人,5996,600,Buster,7407,8115,1113,400,500,550,575,0,0,0,0,0,0,0,0,0,0,0,0,
79,79-冯·霍恩海姆·帕拉塞尔苏斯,79豆爸冯·霍恩海姆·帕拉塞尔苏斯,0.55,3,0.55,1,0.55,2,0.55,2,0.55,3,16-33-51,100,33-67,33-67,12-25-63,0.108,Caster,人,6711,600,Arts,8290,9082,1246,400,500,550,575,0,10,0,0,0,0,0,0,0,0,0,0,
78,78-阿尔托莉雅·潘德拉贡(Alter),78黑枪呆南半球阿尔托莉雅·潘德拉贡(Alter),0.74,4,0.74,1,0.74,2,0.74,3,0.74,4,10-20-30-40,100,33-67,33-33-51,09-18-27-46,0.118,Lancer,天,9968,600,Buster,11014,12069,1661,400,500,550,575,0,0,10,0,0,0,0,0,0,0,0,0,
77,77-尼古拉·特斯拉,77祖师爷磁暴特总尼古拉·特斯拉,0.87,3,0.87,1,0.87,3,0.87,2,0.87,3,16-33-51,100,16-33-51,33-67,12-25-63,0.079,Archer,星,11781,600,Buster,11781,12896,1820,400,500,550,575,0,0,0,0,0,8,0,0,0,0,0,0,
76,76-莫德雷德,76剑小莫莫崽坑爹剑莫德雷德,0.56,5,0.56,1,0.56,2,0.56,3,0.56,4,06-13-20-26-35,100,33-67,16-33-51,10-20-30-40,0.1,Saber,地,11723,600,Buster,11723,12833,1811,400,500,550,575,0,0,8,0,0,0,0,0,0,0,0,0,
75,75-开膛手杰克,75女儿开膛手杰克,1.07,4,1.07,2,1.07,5,1.07,2,1.07,4,10-20-30-40,66-34,07-15-23-15-40,33-67,10-20-30-40,0.36,Assassin,地,11557,2200,Quick,11557,12651,1786,1400,1800,2000,2100,0,0,0,0,0,0,0,0,0,0,0,0,
74,74-童谣,74书童谣,0.54,3,0.54,1,0.54,3,0.54,3,0.54,3,16-33-51,100,16-33-51,16-33-51,12-25-63,0.108,Caster,人,8629,900,Arts,9535,10448,1438,600,750,825,862.5,0,10,0,0,0,0,0,0,0,0,0,0,
73,73-阿尔托莉雅·潘德拉贡(圣诞Alter),73RaberR无毛骑无毛阿尔托莉雅·潘德拉贡(圣诞Alter),0.87,3,0.87,1,0.87,2,0.87,2,0.87,3,16-33-51,100,33-67,33-67,12-25-63,0.089,Rider,人,9258,650,Buster,10230,11209,1543,450,550,600,625,0,0,10,0,0,0,0,0,0,0,0,0,
72,72-弗格斯·马克·罗伊,72小刚钻头弗格斯·马克·罗伊,1.09,5,1.09,1,1.09,2,1.09,2,1.09,3,30-10-15-20-25,100,25-75,33-67,12-25-63,0.1,Saber,地,7460,600,Buster,9215,10096,1385,400,500,550,575,0,0,8,0,0,0,0,0,0,0,0,0,
71,71-迪尔姆德·奥迪那,71枪刷刷哥迪尔姆德·奥迪那,0.79,2,0.79,2,0.79,2,0.79,2,0.79,4,60-40,33-67,33-67,33-67,10-20-30-40,0.123,Lancer,地,6877,2400,Quick,8495,9307,1277,1600,2000,2200,2300,0,0,0,0,0,0,0,0,0,0,0,0,
70,70-斯卡哈,70bba师匠老太婆斯卡哈,0.71,1,0.71,6,0.71,2,0.71,3,0.71,7,100,13-20-13-20-13-21,25-75,16-33-51,06-12-18-12-18-12-22,0.122,Lancer,星,11375,2400,Quick,11375,12452,1758,1600,2000,2200,2300,0,0,0,0,0,0,0,0,0,0,0,0,
69,69-织田信长,69第六天魔王nobu钉宫理惠织田信长,0.43,10,0.43,4,0.43,2,0.43,4,0.43,5,03-05-03-07-08-10-12-14-16-22,10-20-30-40,33-67,10-20-30-40,06-13-20-26-35,0.079,Archer,人,9494,500,Buster,10490,11495,1582,300,400,450,475,0,0,0,0,0,8,0,0,0,0,0,0,
68,68-冲田总司,68umb樱saber冲田总司,1.09,3,1.09,1,1.09,5,1.09,2,1.09,3,16-33-51,100,07-15-23-15-40,33-67,12-25-63,0.102,Saber,人,12068,2000,Quick,12068,13210,1865,1200,1600,1800,1900,0,0,2,0,0,0,0,0,0,0,0,0,
67,67-美狄亚(lily),67C子美狄亚(lily),0.4,0,0.4,3,0.4,4,0.4,4,0.4,5,0,16-33-51,10-20-30-40,10-20-30-40,06-13-20-26-35,0.107,Caster,地,7766,0,Arts,8581,9403,1294,0,0,0,0,0,8,0,0,0,0,0,0,0,0,0,0,
66,66-安妮·伯妮＆玛莉·瑞德,66R双子骑双子安妮·伯妮＆玛莉·瑞德,0.84,6,0.84,1,0.84,2,0.84,2,0.84,3,05-11-17-11-23-33,100,33-67,33-67,12-25-63,0.091,Rider,人,9029,2400,Quick,9977,10932,1504,1600,2000,2200,2300,0,0,0,0,0,0,0,0,0,0,0,0,
65,65-弗朗西斯·德雷克,65船长弗朗西斯·德雷克,0.42,5,0.42,2,0.42,6,0.42,4,0.42,4,33-13-20-06-28,54-46,23-17-11-17-11-21,20-30-20-30,30-20-30-20,0.09,Rider,星,11326,600,Buster,11326,12398,1750,400,500,550,575,0,0,8,0,0,0,0,0,0,0,0,0,
64,64-赫克托耳,64大叔赫叔赫克托耳,1.08,1,1.08,1,1.08,2,1.08,2,1.08,3,100,100,33-67,33-67,12-25-63,0.122,Lancer,人,6928,600,Buster,8558,9376,1286,400,500,550,575,0,0,8,0,0,0,0,0,0,0,0,0,
63,63-大卫,63大卫,0.76,1,0.76,1,0.76,2,0.76,2,0.76,3,100,100,33-67,33-67,12-25-63,0.08,Archer,天,7736,1200,Buster,9556,10470,1436,800,1000,1100,1150,0,0,0,0,0,10,0,0,0,0,0,0,
62,62-玉藻前,62C狐小玉米缸玉藻前,0.32,0,0.32,1,0.32,3,0.32,5,0.32,4,0,100,16-33-51,06-13-20-26-35,09-18-27-46,0.11,Caster,天,10546,0,Arts,10546,11544,1629,0,0,0,0,0,6,0,200,0,0,0,0,0,0,0,0,
61,61-伊丽莎白·巴托里,61C龙娘伊丽莎白巴托丽·巴托里,1.6,5,1.6,1,1.6,2,1.6,1,1.6,4,06-13-20-26-35,100,33-67,100,09-18-27-46,0.108,Caster,人,8616,500,Buster,9520,10432,1436,300,400,450,475,0,8,0,0,0,0,0,0,0,0,0,0,
60,60-俄里翁,60月神俄里翁,1,5,1,1,1,3,1,1,1,4,06-13-20-26-35,100,16-33-51,100,09-18-27-46,0.08,Archer,天,11107,1800,Arts,11107,12158,1716,1200,1500,1650,1725,0,0,0,0,0,11,0,0,0,0,0,0,
59,59-贞德,59村姑尺子贞日天法国圣女贞德,0.76,0,0.76,1,0.76,2,0.76,2,0.76,3,0,100,33-67,33-67,12-25-63,0.101,Ruler,星,9593,0,Arts,9593,10501,1482,0,0,0,0,0,0,0,0,0,0,0,0,0,0,0,0,
58,58-玉藻猫,58B玉玉藻喵B狐玉藻猫,0.71,5,0.71,2,0.71,2,0.71,3,0.71,3,06-13-20-26-35,66-34,25-75,16-33-51,12-25-63,0.05,Berserker,地,9026,1200,Quick,9973,10929,1504,800,1000,1100,1150,6,0,0,0,0,0,0,0,0,0,0,0,
57,57-血斧埃里克,57血斧王血斧埃里克,1.02,5,1.02,1,1.02,2,1.02,2,1.02,3,06-13-20-26-35,100,25-75,33-67,12-25-63,0.049,Berserker,人,6290,500,Buster,8307,9115,1116,300,400,450,475,8,0,0,0,0,0,0,0,0,0,0,0,
56,56-清姬,56病娇清姬,2.03,3,2.03,1,2.03,2,2.03,1,2.03,3,16-33-51,100,33-67,100,12-25-63,0.049,Berserker,地,6644,500,Buster,8207,8992,1233,300,400,450,475,12,0,0,0,0,0,0,0,0,0,0,0,
55,55-大流士三世,55酋长丸子大表哥大流士三世,0.67,10,0.67,1,0.67,2,0.67,3,0.67,3,01-03-05-07-09-10-12-14-16-23,100,33-67,16-33-51,12-25-63,0.05,Berserker,人,7608,600,Buster,9398,10297,1412,400,500,550,575,8,0,0,0,0,0,0,0,0,0,0,0,
54,54-卡利古拉,54鬼舅卡利古拉,0.68,0,0.68,1,0.68,2,0.68,3,0.68,3,0,100,25-75,16-33-51,12-25-63,0.05,Berserker,人,6831,0,Arts,9022,9899,1211,0,0,0,0,11,0,0,0,0,0,0,0,0,0,0,0,
53,53-阿斯忒里俄斯,53小牛米诺陶阿斯忒里俄斯,0.68,0,0.68,1,0.68,2,0.68,3,0.68,3,0,100,33-67,16-33-51,12-25-63,0.049,Berserker,地,6037,0,Arts,8546,9381,1097,0,0,0,0,8,0,0,0,0,0,0,0,0,0,0,0,
52,52-弗拉德三世,52狂大公穿刺公弗拉德三世,0.5,10,0.5,1,0.5,2,0.5,2,0.5,3,01-03-05-07-09-10-12-14-16-23,100,33-67,33-67,12-25-63,0.049,Berserker,地,11499,1800,Arts,11499,12587,1777,1200,1500,1650,1725,12,0,0,0,0,0,0,0,0,0,0,0,
51,51-坂田金时,51B金时狗蛋坂田金时,1.03,1,1.03,1,1.03,2,1.03,2,1.03,3,100,100,25-75,33-67,12-25-63,0.05,Berserker,人,12712,1200,Buster,12712,13915,1964,800,1000,1100,1150,2,0,0,125,0,0,0,0,0,0,0,0,
50,50-斯巴达克斯,50爱酱抖m肌肉兄贵斯巴达克斯,1.01,1,1.01,1,1.01,2,1.01,2,1.01,3,100,100,33-67,33-67,16-33-51,0.049,Berserker,人,5073,600,Buster,7181,7883,922,400,500,550,575,12,0,0,0,0,0,0,0,0,0,0,0,
49,49-吕布奉先,49高达吕布奉先,1.04,1,1.04,1,1.04,2,1.04,2,1.04,3,100,100,33-67,33-67,12-25-63,0.05,Berserker,人,8119,1000,Buster,10029,10988,1507,600,800,900,950,10,0,0,0,0,0,0,0,0,0,0,0,
48,48-兰斯洛特,48狂兰3d骑士兰斯洛特,0.5,10,0.5,1,0.5,2,0.5,2,0.5,3,03-05-03-07-08-10-12-14-16-22,100,33-67,33-67,12-25-63,0.05,Berserker,地,10477,1000,Quick,11577,12685,1746,600,800,900,950,6,0,0,0,0,0,0,0,0,0,0,0,
47,47-赫拉克勒斯,47B叔海格力斯赫拉克勒斯,1.07,15,1.07,1,1.07,2,1.07,2,1.07,3,01-02-01-03-04-04-05-06-07-08-09-09-10-11-20,100,25-75,33-67,12-25-63,0.05,Berserker,天,10655,1000,Buster,11773,12901,1775,600,800,900,950,8,0,0,200,0,0,0,0,0,0,0,0,
46,46-卡米拉,46大龙娘卡米拉,2.15,1,2.15,1,2.15,2,2.15,1,2.15,3,100,100,33-67,100,12-25-63,0.292,Assassin,地,9408,1200,Buster,10395,11391,1568,800,1000,1100,1150,0,0,0,0,0,0,0,0,0,0,0,0,
45,45-玛塔·哈丽,45舞娘玛塔·哈丽,2.1,0,2.1,1,2.1,2,2.1,1,2.1,3,0,100,33-67,100,12-25-63,0.246,Assassin,人,5377,0,Arts,7612,8355,977,0,0,0,0,0,0,0,0,0,0,0,0,0,0,0,0,
44,44-歌剧魅影,44剧院歌剧魅影,0.71,1,0.71,2,0.71,2,0.71,3,0.71,3,100,66-34,25-75,16-33-51,12-25-63,0.352,Assassin,地,5654,900,Arts,7467,8193,1003,600,750,825,862.5,0,0,0,0,0,0,0,0,0,0,0,0,
43,43-夏尔·亨利·桑松,43夏尔·亨利·桑松,1.06,1,1.06,1,1.06,2,1.06,2,1.06,3,100,100,33-67,33-67,12-25-63,0.288,Assassin,人,5456,1200,Buster,7206,7906,968,800,1000,1100,1150,0,0,0,0,0,0,0,0,0,0,0,0,
42,42-荆轲,42毛腿刺秦荆轲,1.05,1,1.05,1,1.05,2,1.05,2,1.05,3,100,100,33-67,33-67,16-33-51,0.332,Assassin,人,7207,2400,Quick,8903,9754,1338,1600,2000,2200,2300,0,0,0,0,0,0,0,0,0,0,0,0,
41,41-斯忒诺,41大姐斯忒诺,2.26,0,2.26,1,2.26,2,2.26,1,2.26,3,0,100,33-67,100,12-25-63,0.355,Assassin,天,8985,0,Buster,9928,10879,1497,0,0,0,0,0,0,0,300,0,0,0,0,0,0,0,0,
40,40-咒腕哈桑,40麒麟臂咒腕哈桑,1.07,1,1.07,1,1.07,3,1.07,2,1.07,3,100,100,16-33-51,33-67,12-25-63,0.357,Assassin,人,6280,2400,Quick,8294,9100,1114,1600,2000,2200,2300,0,0,0,0,0,0,0,0,0,0,0,0,
39,39-佐佐木小次郎,39看门大爷佐佐木小次郎,1.05,3,1.05,1,1.05,2,1.05,2,1.05,4,16-33-51,100,33-67,33-67,10-20-30-40,0.293,Assassin,人,5735,2400,Quick,8119,8912,1042,1600,2000,2200,2300,0,0,0,0,0,0,0,0,0,0,0,0,
38,38-库·丘林,38C狗库·丘林,1.6,1,1.6,1,1.6,2,1.6,1,1.6,3,100,100,33-67,100,12-25-63,0.109,Caster,天,6580,600,Buster,8128,8905,1222,400,500,550,575,0,8,0,175,0,0,0,0,0,0,0,0,
37,37-诸葛孔明(埃尔梅罗Ⅱ世),37王妃韦伯诸葛孔明(埃尔梅罗Ⅱ世),1.64,0,1.64,1,1.64,2,1.64,1,1.64,3,0,100,33-67,100,12-25-63,0.108,Caster,人,10598,0,Arts,10598,11601,1637,0,0,0,0,0,10,0,0,0,0,0,0,0,0,0,0,
36,36-莫扎特,36莫扎特,1.6,0,1.6,1,1.6,2,1.6,1,1.6,3,0,100,33-67,100,12-25-63,0.11,Caster,星,5195,0,Arts,7354,8072,944,0,0,0,0,0,8,0,0,0,0,0,0,0,0,0,0,
35,35-梅菲斯特费勒斯,35小丑子安梅菲斯特费勒斯,0.81,1,0.81,1,0.81,2,0.81,2,0.81,3,100,100,33-67,33-67,12-25-63,0.11,Caster,地,6839,600,Buster,8448,9255,1270,400,500,550,575,0,7,0,0,0,0,0,0,0,0,0,0,
34,34-莎士比亚,34莎翁沙比莎士比亚,1.59,4,1.59,1,1.59,2,1.59,1,1.59,3,10-20-30-40,100,33-67,100,12-25-63,0.108,Caster,人,5798,600,Buster,7658,8402,1028,400,500,550,575,0,6,0,0,0,0,0,0,0,0,0,0,
33,33-安徒生,33安日天奶爸子安安徒生,1.66,0,1.66,1,1.66,2,1.66,1,1.66,3,0,100,33-67,100,12-25-63,0.108,Caster,人,5758,0,Arts,7605,8344,1021,0,0,0,0,0,4,0,0,0,0,0,0,0,0,0,0,
32,32-吉尔·德·雷,32C元帅术元帅贞德吉尔·德·雷,1.58,3,1.58,1,1.58,2,1.58,1,1.58,3,16-33-51,100,33-67,100,12-25-63,0.108,Caster,人,6514,500,Buster,8047,8816,1209,300,400,450,475,0,8,0,0,0,0,0,0,0,0,0,0,
31,31-美狄亚,31C妈美狄亚,1.64,1,1.64,1,1.64,2,1.64,1,1.64,3,100,100,33-67,100,12-25-63,0.109,Caster,地,7418,900,Arts,9163,10039,1377,600,750,825,862.5,0,10,0,0,0,0,0,0,0,0,0,0,
30,30-玛尔达,30R马达铁拳圣女玛尔达,1.58,1,1.58,1,1.58,2,1.58,1,1.58,3,100,100,33-67,100,12-25-63,0.09,Rider,人,8014,600,Buster,8855,9703,1335,400,500,550,575,0,0,11.5,150,0,0,0,0,0,0,0,0,
29,29-玛丽·安托瓦内特,29R玛丽蛋糕法兰西皇后玛丽·安托瓦内特,1,5,1,1,1,2,1,1,1,3,06-13-20-26-35,100,33-67,100,12-25-63,0.09,Rider,人,8293,1200,Quick,9163,10041,1382,800,1000,1100,1150,0,0,11,0,0,0,0,0,0,0,0,0,
28,28-亚历山大,28幼帝美少年亚历山大,0.86,1,0.86,1,0.86,2,0.86,2,0.86,3,100,100,33-67,33-67,12-25-63,0.09,Rider,人,7356,1200,Quick,9087,9955,1366,800,1000,1100,1150,0,0,11,100,0,0,0,0,0,0,0,0,
27,27-牛若丸,27牛肉丸跳船牛若丸,0.87,1,0.87,1,0.87,2,0.87,2,0.87,3,100,100,33-67,33-67,12-25-63,0.091,Rider,人,7076,2400,Quick,8741,9576,1314,1600,2000,2200,2300,0,0,11,0,0,0,0,0,0,0,0,0,
26,26-布狄卡,26布妈车轮布狄卡,0.85,0,0.85,1,0.85,2,0.85,2,0.85,3,0,100,33-67,33-67,12-25-63,0.089,Rider,人,6289,0,Arts,7768,8511,1168,0,0,0,0,0,0,10,0,0,0,0,0,0,0,0,0,
25,25-爱德华·蒂奇,25黑胡子爱德华·蒂奇,0.56,5,0.56,1,0.56,2,0.56,3,0.56,3,06-13-20-26-35,100,25-75,16-33-51,12-25-63,0.088,Rider,人,6188,600,Buster,8173,8967,1097,400,500,550,575,0,0,0,0,0,0,0,0,0,0,0,0,
24,24-乔圣治,24乔老师乔圣治,0.85,4,0.85,1,0.85,2,0.85,2,0.85,3,10-20-30-40,100,33-67,33-67,12-25-63,0.089,Rider,人,5236,1500,Arts,6915,7587,929,900,1200,1350,1425,0,0,8,0,0,0,0,0,0,0,0,0,
23,23-美杜莎,23R姐美杜莎,0.58,1,0.58,1,0.58,2,0.58,3,0.58,3,100,100,33-67,16-33-51,12-25-63,0.09,Rider,地,7200,1200,Quick,8894,9744,1337,800,1000,1100,1150,0,0,11,95,0,6,0,0,0,0,0,0,
22,22-罗穆路斯,22神祖罗马罗穆路斯,1.07,7,1.07,1,1.07,2,1.07,2,1.07,3,03-07-10-14-17-21-28,100,33-67,33-67,12-25-63,0.121,Lancer,星,7239,500,Buster,8942,9797,1344,300,400,450,475,0,0,0,0,0,0,0,0,0,0,0,0,
21,21-列奥尼达一世,21炎头斯巴达列奥尼达一世,1.07,0,1.07,1,1.07,2,1.07,2,1.07,3,0,100,33-67,33-67,12-25-63,0.118,Lancer,人,6583,0,Buster,8694,9539,1168,0,0,0,0,0,0,0,0,0,0,0,0,0,0,0,0,
20,20-库·丘林(Prototype),20旧狗库·丘林(Prototype),1.08,1,1.08,1,1.08,2,1.08,2,1.08,3,100,100,33-67,33-67,12-25-63,0.121,Lancer,天,7082,2400,Quick,8748,9584,1315,1600,2000,2200,2300,0,0,0,175,0,0,0,0,0,0,0,0,
19,19-武藏坊弁庆,19武藏坊弁庆,0.79,0,0.79,1,0.79,2,0.79,2,0.79,3,0,100,33-67,33-67,12-25-63,0.119,Lancer,人,5801,0,Arts,7662,8406,1029,0,0,0,0,0,0,0,0,0,0,0,0,0,0,0,0,
18,18-伊丽莎白·巴托里,18枪龙娘伊丽莎白·巴托里,1.1,5,1.1,1,1.1,2,1.1,2,1.1,3,06-13-20-26-35,100,33-67,33-67,12-25-63,0.118,Lancer,人,9122,600,Buster,10079,11045,1520,400,500,550,575,0,8,0,0,0,0,0,0,0,0,0,0,
17,17-库·丘林,17大狗汪酱库·丘林,1.07,1,1.07,1,1.07,2,1.07,2,1.07,3,100,100,33-67,33-67,12-25-63,0.121,Lancer,天,7239,2400,Quick,8942,9797,1344,1600,2000,2200,2300,0,0,0,175,0,0,0,0,0,0,0,0,
16,16-阿拉什,16大英雄自爆弓stella阿拉什,0.84,1,0.84,1,0.84,3,0.84,2,0.84,3,100,100,16-33-51,33-67,12-25-63,0.08,Archer,地,5816,1200,Buster,8233,9037,1057,800,1000,1100,1150,0,0,0,0,0,6,0,0,0,0,0,0,
15,15-尤瑞艾莉,15二姐尤瑞艾莉,0.9,1,0.9,1,0.9,3,0.9,2,0.9,3,100,100,16-33-51,33-67,12-25-63,0.079,Archer,天,7032,1200,Arts,8686,9517,1306,1200,1200,1200,1200,0,0,0,300,0,11,0,0,0,0,0,0,
14,14-阿塔兰忒,14阿塔塔喵弓塔阿塔兰忒,0.5,10,0.5,1,0.5,3,0.5,2,0.5,3,03-05-03-07-08-10-12-14-16-22,100,16-33-51,33-67,12-25-63,0.08,Archer,地,8633,1200,Quick,9539,10453,1438,800,1000,1100,1150,0,0,0,0,0,10,0,0,0,0,0,0,
13,13-罗宾汉,13绿茶种树罗宾汉,0.87,1,0.87,1,0.87,3,0.87,2,0.87,3,100,100,16-33-51,33-67,12-25-63,0.08,Archer,人,6715,1500,Arts,8295,9088,1247,900,1200,1350,1425,0,0,0,0,0,10,0,0,0,0,0,0,
12,12-吉尔伽美什,12闪闪金皮卡路灯王中二闪吉尔伽美什,0.34,1,0.34,5,0.34,5,0.34,5,0.34,8,100,27-22-13-04-34,07-15-23-15-40,06-13-20-26-35,10-14-17-03-10-14-07-25,0.079,Archer,天,12280,600,Buster,12280,13442,1897,400,500,550,575,0,0,0,175,0,11,0,0,0,0,0,0,
11,11-卫宫,11红A红茶土狼士郎核弹剑仙卫宫,0.51,10,0.51,1,0.51,2,0.51,3,0.51,5,03-03-05-07-08-10-12-14-16-22,100,33-67,16-33-51,06-13-20-26-35,0.079,Archer,人,9398,,,10384,11379,1566,,,,,0,0,0,0,0,8,0,0,0,0,0,1,从者宝具颜色及宝具倍率未录入数据库，请自行判断并输入
10,10-骑士迪昂·德·鲍蒙,10迪昂伪娘百合骑士迪昂·德·鲍蒙,0.83,0,0.83,1,0.83,2,0.83,2,0.83,3,0,100,33-67,33-67,12-25-63,0.1,Saber,人,8765,0,Arts,9685,10613,1460,0,0,0,0,0,0,8,0,0,0,0,0,0,0,0,0,
9,09-吉尔·德·雷,9剑元帅s元帅吉尔·德·雷,0.82,0,0.82,1,0.82,2,0.82,2,0.82,3,0,100,33-67,33-67,12-25-63,0.099,Saber,人,6615,0,Arts,8171,8952,1228,0,0,0,0,12,0,8,0,0,0,0,0,0,0,0,0,
8,08-阿提拉,8大王军神彩笔阿提拉,0.84,1,0.84,1,0.84,2,0.84,2,0.84,3,100,100,25-75,33-67,12-25-63,0.101,Saber,人,12343,600,Buster,12343,13511,1907,400,500,550,575,0,0,10,175,0,0,0,0,0,0,0,0,
7,07-盖乌斯·尤利乌斯·恺撒,7胖尼禄盖乌斯·尤利乌斯·恺撒,1.1,10,1.1,1,1.1,2,1.1,2,1.1,3,01-03-05-07-09-10-12-14-16-23,100,33-67,33-67,12-25-63,0.1,Saber,人,7497,2400,Quick,9261,10146,1392,1600,2000,2200,2300,0,0,8,125,0,0,0,0,0,0,0,0,
6,06-齐格飞,6飞哥对不起龙齐格飞,0.83,1,0.83,1,0.83,2,0.83,2,0.83,3,100,100,33-67,33-67,12-25-63,0.1,Saber,地,8181,600,Buster,9040,9905,1363,400,500,550,575,0,0,8,0,0,0,0,0,0,0,0,0,
5,05-尼禄·克劳狄乌斯,5红尼禄红saber暴君奥林匹亚尼禄·克劳狄乌斯,0.84,1,0.84,1,0.84,2,0.84,2,0.84,5,100,100,33-67,33-67,06-13-33-20-28,0.101,Saber,人,9449,900,Arts,10441,11441,1574,600,750,825,862.5,0,0,8,0,0,0,0,0,0,0,0,0,
4,04-阿尔托莉雅·潘德拉贡(lily),4saberlily白saber莉莉阿尔托莉雅·潘德拉贡(lily),0.86,8,0.86,1,0.86,2,0.86,2,0.86,3,02-05-08-11-13-16-19-26,100,33-67,33-67,12-25-63,0.1,Saber,地,7726,700,Buster,8537,9355,1287,400,550,625,662.5,0,0,6,0,0,0,0,0,0,0,0,0,
3,03-阿尔托莉雅·潘德拉贡(Alter),3黑呆黑无毛黑saber阿尔托莉雅·潘德拉贡(Alter),0.86,3,0.86,1,0.86,2,0.86,2,0.86,3,16-33-51,100,33-67,33-67,12-25-63,0.099,Saber,人,10248,650,Buster,11324,12408,1708,450,550,600,625,0,0,0,0,0,0,0,0,0,0,0,0,
2,02-阿尔托莉雅·潘德拉贡,2呆毛王棉被王蓝呆saber川澄绫子阿尔托莉雅·潘德拉贡,0.86,1,0.86,1,0.86,2,0.86,2,0.86,3,100,100,33-67,33-67,12-25-63,0.1,Saber,地,11221,600,Buster,11221,12283,1734,400,500,550,575,0,0,8,0,0,0,0,0,0,0,0,0,
1,01-玛修·基列莱特,1学妹盾娘高桥李依玛修·基列莱特,0.84,0,0.84,1,0.84,2,0.84,2,0.84,3,0,100,25-75,33-67,12-25-63,0.099,Shielder,地,8730,0,Arts,8730,8730,1455,0,0,0,0,0,0,6,0,0,0,0,0,0,0,0,0,
